"Four-Year Graduation Rates, 2014-15"
"All Districts, Race/Ethnicity"

"",,,"Non-Graduates",,,
"District","Race/Ethnicity","Four-Year Cohort Count","Still Enrolled Count","Still Enrolled Rate","Other Count","Other Rate"
"Amistad Academy District","Asian","*","*","*","*","*"
"Amistad Academy District","Black",21,"*","*","*","*"
"Amistad Academy District","Hawaiian or Pacific Islander","*","*","*","*","*"
"Amistad Academy District","Hispanic",8,"*","*","*","*"
"Amistad Academy District","Indian or Alaska Native","*","*","*","*","*"
"Amistad Academy District","Two or More Races","*","*","*","*","*"
"Amistad Academy District","White","*","*","*","*","*"
"Ansonia School District","Asian","*","*","*","*","*"
"Ansonia School District","Black",37,"*","*","*","*"
"Ansonia School District","Hawaiian or Pacific Islander","*","*","*","*","*"
"Ansonia School District","Hispanic",48,"*","*","*","*"
"Ansonia School District","Indian or Alaska Native","*","*","*","*","*"
"Ansonia School District","Two or More Races","*","*","*","*","*"
"Ansonia School District","White",82,8,9.8,"*","*"
"Avon School District","Asian",26,"*","*","*","*"
"Avon School District","Black",7,"*","*","*","*"
"Avon School District","Hawaiian or Pacific Islander","*","*","*","*","*"
"Avon School District","Hispanic",14,"*","*","*","*"
"Avon School District","Indian or Alaska Native","*","*","*","*","*"
"Avon School District","Two or More Races",12,"*","*","*","*"
"Avon School District","White",188,"*","*","*","*"
"Berlin School District","Asian",7,"*","*","*","*"
"Berlin School District","Black","*","*","*","*","*"
"Berlin School District","Hawaiian or Pacific Islander","*","*","*","*","*"
"Berlin School District","Hispanic",16,"*","*","*","*"
"Berlin School District","Indian or Alaska Native","*","*","*","*","*"
"Berlin School District","Two or More Races","*","*","*","*","*"
"Berlin School District","White",183,"*","*","*","*"
"Bethel School District","Asian",12,"*","*","*","*"
"Bethel School District","Black","*","*","*","*","*"
"Bethel School District","Hawaiian or Pacific Islander","*","*","*","*","*"
"Bethel School District","Hispanic",25,"*","*","*","*"
"Bethel School District","Indian or Alaska Native","*","*","*","*","*"
"Bethel School District","Two or More Races","*","*","*","*","*"
"Bethel School District","White",172,"*","*","*","*"
"Bloomfield School District","Asian","*","*","*","*","*"
"Bloomfield School District","Black",151,9,6.0,6,4.0
"Bloomfield School District","Hawaiian or Pacific Islander","*","*","*","*","*"
"Bloomfield School District","Hispanic",12,"*","*","*","*"
"Bloomfield School District","Indian or Alaska Native","*","*","*","*","*"
"Bloomfield School District","Two or More Races","*","*","*","*","*"
"Bloomfield School District","White",10,"*","*","*","*"
"Bolton School District","Asian","*","*","*","*","*"
"Bolton School District","Black","*","*","*","*","*"
"Bolton School District","Hawaiian or Pacific Islander","*","*","*","*","*"
"Bolton School District","Hispanic","*","*","*","*","*"
"Bolton School District","Indian or Alaska Native","*","*","*","*","*"
"Bolton School District","Two or More Races","*","*","*","*","*"
"Bolton School District","White",64,"*","*","*","*"
"Branford School District","Asian",20,"*","*","*","*"
"Branford School District","Black",12,"*","*","*","*"
"Branford School District","Hawaiian or Pacific Islander","*","*","*","*","*"
"Branford School District","Hispanic",13,"*","*","*","*"
"Branford School District","Indian or Alaska Native","*","*","*","*","*"
"Branford School District","Two or More Races","*","*","*","*","*"
"Branford School District","White",204,7,3.4,12,5.9
"Bridgeport Achievement First District","Asian","*","*","*","*","*"
"Bridgeport Achievement First District","Black",19,"*","*","*","*"
"Bridgeport Achievement First District","Hawaiian or Pacific Islander","*","*","*","*","*"
"Bridgeport Achievement First District","Hispanic",12,"*","*","*","*"
"Bridgeport Achievement First District","Indian or Alaska Native","*","*","*","*","*"
"Bridgeport Achievement First District","Two or More Races","*","*","*","*","*"
"Bridgeport Achievement First District","White","*","*","*","*","*"
"Bridgeport School District","Asian",27,"*","*","*","*"
"Bridgeport School District","Black",527,62,11.8,120,22.8
"Bridgeport School District","Hawaiian or Pacific Islander","*","*","*","*","*"
"Bridgeport School District","Hispanic",522,63,12.1,148,28.4
"Bridgeport School District","Indian or Alaska Native","*","*","*","*","*"
"Bridgeport School District","Two or More Races",6,"*","*","*","*"
"Bridgeport School District","White",101,9,8.9,22,21.8
"Bristol School District","Asian",16,"*","*","*","*"
"Bristol School District","Black",51,"*","*",12,23.5
"Bristol School District","Hawaiian or Pacific Islander","*","*","*","*","*"
"Bristol School District","Hispanic",129,17,13.2,30,23.3
"Bristol School District","Indian or Alaska Native","*","*","*","*","*"
"Bristol School District","Two or More Races",10,"*","*","*","*"
"Bristol School District","White",439,21,4.8,37,8.4
"Brookfield School District","Asian",13,"*","*","*","*"
"Brookfield School District","Black","*","*","*","*","*"
"Brookfield School District","Hawaiian or Pacific Islander","*","*","*","*","*"
"Brookfield School District","Hispanic",17,"*","*","*","*"
"Brookfield School District","Indian or Alaska Native","*","*","*","*","*"
"Brookfield School District","Two or More Races","*","*","*","*","*"
"Brookfield School District","White",199,"*","*","*","*"
"Canton School District","Asian","*","*","*","*","*"
"Canton School District","Black","*","*","*","*","*"
"Canton School District","Hawaiian or Pacific Islander","*","*","*","*","*"
"Canton School District","Hispanic","*","*","*","*","*"
"Canton School District","Indian or Alaska Native","*","*","*","*","*"
"Canton School District","Two or More Races","*","*","*","*","*"
"Canton School District","White",121,"*","*","*","*"
"Capitol Region Education Council","Asian",10,"*","*","*","*"
"Capitol Region Education Council","Black",116,9,7.8,"*","*"
"Capitol Region Education Council","Hawaiian or Pacific Islander","*","*","*","*","*"
"Capitol Region Education Council","Hispanic",82,"*","*",6,7.3
"Capitol Region Education Council","Indian or Alaska Native","*","*","*","*","*"
"Capitol Region Education Council","Two or More Races",7,"*","*","*","*"
"Capitol Region Education Council","White",107,"*","*","*","*"
"Cheshire School District","Asian",35,"*","*","*","*"
"Cheshire School District","Black",9,"*","*","*","*"
"Cheshire School District","Hawaiian or Pacific Islander","*","*","*","*","*"
"Cheshire School District","Hispanic",9,"*","*","*","*"
"Cheshire School District","Indian or Alaska Native","*","*","*","*","*"
"Cheshire School District","Two or More Races","*","*","*","*","*"
"Cheshire School District","White",339,9,2.7,"*","*"
"Clinton School District","Asian","*","*","*","*","*"
"Clinton School District","Black","*","*","*","*","*"
"Clinton School District","Hawaiian or Pacific Islander","*","*","*","*","*"
"Clinton School District","Hispanic",11,"*","*","*","*"
"Clinton School District","Indian or Alaska Native","*","*","*","*","*"
"Clinton School District","Two or More Races","*","*","*","*","*"
"Clinton School District","White",143,"*","*",10,7.0
"Colchester School District","Asian",6,"*","*","*","*"
"Colchester School District","Black","*","*","*","*","*"
"Colchester School District","Hawaiian or Pacific Islander","*","*","*","*","*"
"Colchester School District","Hispanic",15,"*","*","*","*"
"Colchester School District","Indian or Alaska Native","*","*","*","*","*"
"Colchester School District","Two or More Races","*","*","*","*","*"
"Colchester School District","White",196,9,4.6,8,4.1
"Common Ground High School District","Asian","*","*","*","*","*"
"Common Ground High School District","Black",10,"*","*","*","*"
"Common Ground High School District","Hawaiian or Pacific Islander","*","*","*","*","*"
"Common Ground High School District","Hispanic",16,"*","*","*","*"
"Common Ground High School District","Indian or Alaska Native","*","*","*","*","*"
"Common Ground High School District","Two or More Races","*","*","*","*","*"
"Common Ground High School District","White",9,"*","*","*","*"
"Connecticut Technical High School System","Asian",19,"*","*","*","*"
"Connecticut Technical High School System","Black",304,"*","*",10,3.3
"Connecticut Technical High School System","Hawaiian or Pacific Islander","*","*","*","*","*"
"Connecticut Technical High School System","Hispanic",803,"*","*",24,3.0
"Connecticut Technical High School System","Indian or Alaska Native","*","*","*","*","*"
"Connecticut Technical High School System","Two or More Races",76,"*","*","*","*"
"Connecticut Technical High School System","White",1257,"*","*",19,1.5
"Coventry School District","Asian","*","*","*","*","*"
"Coventry School District","Black","*","*","*","*","*"
"Coventry School District","Hawaiian or Pacific Islander","*","*","*","*","*"
"Coventry School District","Hispanic","*","*","*","*","*"
"Coventry School District","Indian or Alaska Native","*","*","*","*","*"
"Coventry School District","Two or More Races",6,"*","*","*","*"
"Coventry School District","White",107,"*","*","*","*"
"Cromwell School District","Asian",10,"*","*","*","*"
"Cromwell School District","Black",11,"*","*","*","*"
"Cromwell School District","Hawaiian or Pacific Islander","*","*","*","*","*"
"Cromwell School District","Hispanic",6,"*","*","*","*"
"Cromwell School District","Indian or Alaska Native","*","*","*","*","*"
"Cromwell School District","Two or More Races","*","*","*","*","*"
"Cromwell School District","White",101,"*","*","*","*"
"Danbury School District","Asian",59,"*","*","*","*"
"Danbury School District","Black",75,10,13.3,17,22.7
"Danbury School District","Hawaiian or Pacific Islander","*","*","*","*","*"
"Danbury School District","Hispanic",305,46,15.1,54,17.7
"Danbury School District","Indian or Alaska Native","*","*","*","*","*"
"Danbury School District","Two or More Races",10,"*","*","*","*"
"Danbury School District","White",322,20,6.2,21,6.5
"Darien School District","Asian",6,"*","*","*","*"
"Darien School District","Black","*","*","*","*","*"
"Darien School District","Hawaiian or Pacific Islander","*","*","*","*","*"
"Darien School District","Hispanic",16,"*","*","*","*"
"Darien School District","Indian or Alaska Native","*","*","*","*","*"
"Darien School District","Two or More Races","*","*","*","*","*"
"Darien School District","White",306,8,2.6,"*","*"
"Derby School District","Asian","*","*","*","*","*"
"Derby School District","Black",24,"*","*","*","*"
"Derby School District","Hawaiian or Pacific Islander","*","*","*","*","*"
"Derby School District","Hispanic",23,"*","*","*","*"
"Derby School District","Indian or Alaska Native","*","*","*","*","*"
"Derby School District","Two or More Races","*","*","*","*","*"
"Derby School District","White",54,"*","*","*","*"
"East Granby School District","Asian","*","*","*","*","*"
"East Granby School District","Black","*","*","*","*","*"
"East Granby School District","Hawaiian or Pacific Islander","*","*","*","*","*"
"East Granby School District","Hispanic","*","*","*","*","*"
"East Granby School District","Indian or Alaska Native","*","*","*","*","*"
"East Granby School District","Two or More Races","*","*","*","*","*"
"East Granby School District","White",58,"*","*","*","*"
"East Haddam School District","Asian","*","*","*","*","*"
"East Haddam School District","Black","*","*","*","*","*"
"East Haddam School District","Hawaiian or Pacific Islander","*","*","*","*","*"
"East Haddam School District","Hispanic","*","*","*","*","*"
"East Haddam School District","Indian or Alaska Native","*","*","*","*","*"
"East Haddam School District","Two or More Races","*","*","*","*","*"
"East Haddam School District","White",112,6,5.4,"*","*"
"East Hampton School District","Asian","*","*","*","*","*"
"East Hampton School District","Black","*","*","*","*","*"
"East Hampton School District","Hawaiian or Pacific Islander","*","*","*","*","*"
"East Hampton School District","Hispanic","*","*","*","*","*"
"East Hampton School District","Indian or Alaska Native","*","*","*","*","*"
"East Hampton School District","Two or More Races","*","*","*","*","*"
"East Hampton School District","White",117,"*","*","*","*"
"East Hartford School District","Asian",28,"*","*","*","*"
"East Hartford School District","Black",203,12,5.9,10,4.9
"East Hartford School District","Hawaiian or Pacific Islander","*","*","*","*","*"
"East Hartford School District","Hispanic",245,11,4.5,30,12.2
"East Hartford School District","Indian or Alaska Native","*","*","*","*","*"
"East Hartford School District","Two or More Races","*","*","*","*","*"
"East Hartford School District","White",88,"*","*","*","*"
"East Haven School District","Asian",8,"*","*","*","*"
"East Haven School District","Black",9,"*","*","*","*"
"East Haven School District","Hawaiian or Pacific Islander","*","*","*","*","*"
"East Haven School District","Hispanic",46,"*","*",10,21.7
"East Haven School District","Indian or Alaska Native","*","*","*","*","*"
"East Haven School District","Two or More Races","*","*","*","*","*"
"East Haven School District","White",181,8,4.4,34,18.8
"East Lyme School District","Asian",31,"*","*","*","*"
"East Lyme School District","Black",6,"*","*","*","*"
"East Lyme School District","Hawaiian or Pacific Islander","*","*","*","*","*"
"East Lyme School District","Hispanic",6,"*","*","*","*"
"East Lyme School District","Indian or Alaska Native","*","*","*","*","*"
"East Lyme School District","Two or More Races","*","*","*","*","*"
"East Lyme School District","White",228,6,2.6,6,2.6
"East Windsor School District","Asian","*","*","*","*","*"
"East Windsor School District","Black",16,"*","*","*","*"
"East Windsor School District","Hawaiian or Pacific Islander","*","*","*","*","*"
"East Windsor School District","Hispanic",10,"*","*","*","*"
"East Windsor School District","Indian or Alaska Native","*","*","*","*","*"
"East Windsor School District","Two or More Races","*","*","*","*","*"
"East Windsor School District","White",55,"*","*","*","*"
"Eastern Connecticut Regional Educational Service Center (EASTCONN)","Asian","*","*","*","*","*"
"Eastern Connecticut Regional Educational Service Center (EASTCONN)","Black","*","*","*","*","*"
"Eastern Connecticut Regional Educational Service Center (EASTCONN)","Hawaiian or Pacific Islander","*","*","*","*","*"
"Eastern Connecticut Regional Educational Service Center (EASTCONN)","Hispanic",14,"*","*","*","*"
"Eastern Connecticut Regional Educational Service Center (EASTCONN)","Indian or Alaska Native","*","*","*","*","*"
"Eastern Connecticut Regional Educational Service Center (EASTCONN)","Two or More Races","*","*","*","*","*"
"Eastern Connecticut Regional Educational Service Center (EASTCONN)","White",56,6,10.7,9,16.1
"Ellington School District","Asian",8,"*","*","*","*"
"Ellington School District","Black",6,"*","*","*","*"
"Ellington School District","Hawaiian or Pacific Islander","*","*","*","*","*"
"Ellington School District","Hispanic",13,"*","*","*","*"
"Ellington School District","Indian or Alaska Native","*","*","*","*","*"
"Ellington School District","Two or More Races",11,"*","*","*","*"
"Ellington School District","White",168,"*","*","*","*"
"Elm City College Preparatory School District","Asian","*","*","*","*","*"
"Elm City College Preparatory School District","Black",12,"*","*","*","*"
"Elm City College Preparatory School District","Hawaiian or Pacific Islander","*","*","*","*","*"
"Elm City College Preparatory School District","Hispanic","*","*","*","*","*"
"Elm City College Preparatory School District","Indian or Alaska Native","*","*","*","*","*"
"Elm City College Preparatory School District","Two or More Races","*","*","*","*","*"
"Elm City College Preparatory School District","White","*","*","*","*","*"
"Enfield School District","Asian",9,"*","*","*","*"
"Enfield School District","Black",29,"*","*","*","*"
"Enfield School District","Hawaiian or Pacific Islander","*","*","*","*","*"
"Enfield School District","Hispanic",25,"*","*","*","*"
"Enfield School District","Indian or Alaska Native","*","*","*","*","*"
"Enfield School District","Two or More Races",8,"*","*","*","*"
"Enfield School District","White",321,12,3.7,30,9.3
"Explorations District","Asian","*","*","*","*","*"
"Explorations District","Black","*","*","*","*","*"
"Explorations District","Hawaiian or Pacific Islander","*","*","*","*","*"
"Explorations District","Hispanic","*","*","*","*","*"
"Explorations District","Indian or Alaska Native","*","*","*","*","*"
"Explorations District","Two or More Races","*","*","*","*","*"
"Explorations District","White",20,"*","*","*","*"
"Fairfield School District","Asian",33,"*","*","*","*"
"Fairfield School District","Black",27,"*","*","*","*"
"Fairfield School District","Hawaiian or Pacific Islander","*","*","*","*","*"
"Fairfield School District","Hispanic",68,"*","*","*","*"
"Fairfield School District","Indian or Alaska Native","*","*","*","*","*"
"Fairfield School District","Two or More Races",11,"*","*","*","*"
"Fairfield School District","White",577,20,3.5,10,1.7
"Farmington School District","Asian",39,"*","*","*","*"
"Farmington School District","Black",22,"*","*","*","*"
"Farmington School District","Hawaiian or Pacific Islander","*","*","*","*","*"
"Farmington School District","Hispanic",20,"*","*","*","*"
"Farmington School District","Indian or Alaska Native","*","*","*","*","*"
"Farmington School District","Two or More Races","*","*","*","*","*"
"Farmington School District","White",252,"*","*","*","*"
"Glastonbury School District","Asian",45,"*","*","*","*"
"Glastonbury School District","Black",20,"*","*","*","*"
"Glastonbury School District","Hawaiian or Pacific Islander","*","*","*","*","*"
"Glastonbury School District","Hispanic",38,"*","*","*","*"
"Glastonbury School District","Indian or Alaska Native","*","*","*","*","*"
"Glastonbury School District","Two or More Races",11,"*","*","*","*"
"Glastonbury School District","White",410,"*","*","*","*"
"Granby School District","Asian","*","*","*","*","*"
"Granby School District","Black","*","*","*","*","*"
"Granby School District","Hawaiian or Pacific Islander","*","*","*","*","*"
"Granby School District","Hispanic",8,"*","*","*","*"
"Granby School District","Indian or Alaska Native","*","*","*","*","*"
"Granby School District","Two or More Races","*","*","*","*","*"
"Granby School District","White",148,"*","*","*","*"
"Greenwich School District","Asian",50,"*","*","*","*"
"Greenwich School District","Black",14,"*","*","*","*"
"Greenwich School District","Hawaiian or Pacific Islander","*","*","*","*","*"
"Greenwich School District","Hispanic",117,14,12.0,"*","*"
"Greenwich School District","Indian or Alaska Native","*","*","*","*","*"
"Greenwich School District","Two or More Races",8,"*","*","*","*"
"Greenwich School District","White",457,8,1.8,"*","*"
"Griswold School District","Asian","*","*","*","*","*"
"Griswold School District","Black","*","*","*","*","*"
"Griswold School District","Hawaiian or Pacific Islander","*","*","*","*","*"
"Griswold School District","Hispanic",8,"*","*","*","*"
"Griswold School District","Indian or Alaska Native","*","*","*","*","*"
"Griswold School District","Two or More Races","*","*","*","*","*"
"Griswold School District","White",131,"*","*",9,6.9
"Groton School District","Asian",20,"*","*","*","*"
"Groton School District","Black",28,"*","*","*","*"
"Groton School District","Hawaiian or Pacific Islander","*","*","*","*","*"
"Groton School District","Hispanic",49,"*","*",7,14.3
"Groton School District","Indian or Alaska Native","*","*","*","*","*"
"Groton School District","Two or More Races",11,"*","*","*","*"
"Groton School District","White",160,"*","*",11,6.9
"Guilford School District","Asian",14,"*","*","*","*"
"Guilford School District","Black","*","*","*","*","*"
"Guilford School District","Hawaiian or Pacific Islander","*","*","*","*","*"
"Guilford School District","Hispanic",9,"*","*","*","*"
"Guilford School District","Indian or Alaska Native","*","*","*","*","*"
"Guilford School District","Two or More Races","*","*","*","*","*"
"Guilford School District","White",245,7,2.9,6,2.4
"Hamden School District","Asian",22,"*","*","*","*"
"Hamden School District","Black",162,11,6.8,14,8.6
"Hamden School District","Hawaiian or Pacific Islander","*","*","*","*","*"
"Hamden School District","Hispanic",84,"*","*",11,13.1
"Hamden School District","Indian or Alaska Native","*","*","*","*","*"
"Hamden School District","Two or More Races",8,"*","*","*","*"
"Hamden School District","White",189,6,3.2,6,3.2
"Hartford School District","Asian",39,"*","*",6,15.4
"Hartford School District","Black",532,72,13.5,64,12.0
"Hartford School District","Hawaiian or Pacific Islander","*","*","*","*","*"
"Hartford School District","Hispanic",691,95,13.7,182,26.3
"Hartford School District","Indian or Alaska Native","*","*","*","*","*"
"Hartford School District","Two or More Races",50,"*","*","*","*"
"Hartford School District","White",164,"*","*",13,7.9
"Killingly School District","Asian","*","*","*","*","*"
"Killingly School District","Black",6,"*","*","*","*"
"Killingly School District","Hawaiian or Pacific Islander","*","*","*","*","*"
"Killingly School District","Hispanic","*","*","*","*","*"
"Killingly School District","Indian or Alaska Native","*","*","*","*","*"
"Killingly School District","Two or More Races",6,"*","*","*","*"
"Killingly School District","White",182,20,11.0,24,13.2
"Learn","Asian","*","*","*","*","*"
"Learn","Black",37,"*","*","*","*"
"Learn","Hawaiian or Pacific Islander","*","*","*","*","*"
"Learn","Hispanic",42,"*","*","*","*"
"Learn","Indian or Alaska Native","*","*","*","*","*"
"Learn","Two or More Races",11,"*","*","*","*"
"Learn","White",82,"*","*","*","*"
"Lebanon School District","Asian","*","*","*","*","*"
"Lebanon School District","Black","*","*","*","*","*"
"Lebanon School District","Hawaiian or Pacific Islander","*","*","*","*","*"
"Lebanon School District","Hispanic","*","*","*","*","*"
"Lebanon School District","Indian or Alaska Native","*","*","*","*","*"
"Lebanon School District","Two or More Races","*","*","*","*","*"
"Lebanon School District","White",87,"*","*","*","*"
"Ledyard School District","Asian",10,"*","*","*","*"
"Ledyard School District","Black",20,"*","*","*","*"
"Ledyard School District","Hawaiian or Pacific Islander","*","*","*","*","*"
"Ledyard School District","Hispanic",18,"*","*","*","*"
"Ledyard School District","Indian or Alaska Native",12,"*","*","*","*"
"Ledyard School District","Two or More Races","*","*","*","*","*"
"Ledyard School District","White",171,12,7.0,"*","*"
"Litchfield School District","Asian","*","*","*","*","*"
"Litchfield School District","Black","*","*","*","*","*"
"Litchfield School District","Hawaiian or Pacific Islander","*","*","*","*","*"
"Litchfield School District","Hispanic","*","*","*","*","*"
"Litchfield School District","Indian or Alaska Native","*","*","*","*","*"
"Litchfield School District","Two or More Races","*","*","*","*","*"
"Litchfield School District","White",66,"*","*","*","*"
"Madison School District","Asian",9,"*","*","*","*"
"Madison School District","Black","*","*","*","*","*"
"Madison School District","Hawaiian or Pacific Islander","*","*","*","*","*"
"Madison School District","Hispanic","*","*","*","*","*"
"Madison School District","Indian or Alaska Native","*","*","*","*","*"
"Madison School District","Two or More Races",7,"*","*","*","*"
"Madison School District","White",284,"*","*","*","*"
"Manchester School District","Asian",27,"*","*","*","*"
"Manchester School District","Black",92,"*","*",9,9.8
"Manchester School District","Hawaiian or Pacific Islander","*","*","*","*","*"
"Manchester School District","Hispanic",107,14,13.1,18,16.8
"Manchester School District","Indian or Alaska Native","*","*","*","*","*"
"Manchester School District","Two or More Races",9,"*","*","*","*"
"Manchester School District","White",218,10,4.6,29,13.3
"Meriden School District","Asian",11,"*","*","*","*"
"Meriden School District","Black",99,10,10.1,14,14.1
"Meriden School District","Hawaiian or Pacific Islander","*","*","*","*","*"
"Meriden School District","Hispanic",282,22,7.8,65,23.0
"Meriden School District","Indian or Alaska Native","*","*","*","*","*"
"Meriden School District","Two or More Races",14,"*","*","*","*"
"Meriden School District","White",219,14,6.4,32,14.6
"Middletown School District","Asian",16,"*","*","*","*"
"Middletown School District","Black",84,8,9.5,"*","*"
"Middletown School District","Hawaiian or Pacific Islander","*","*","*","*","*"
"Middletown School District","Hispanic",35,"*","*","*","*"
"Middletown School District","Indian or Alaska Native","*","*","*","*","*"
"Middletown School District","Two or More Races",7,"*","*","*","*"
"Middletown School District","White",173,11,6.4,6,3.5
"Milford School District","Asian",27,"*","*","*","*"
"Milford School District","Black",16,"*","*","*","*"
"Milford School District","Hawaiian or Pacific Islander","*","*","*","*","*"
"Milford School District","Hispanic",40,"*","*","*","*"
"Milford School District","Indian or Alaska Native","*","*","*","*","*"
"Milford School District","Two or More Races","*","*","*","*","*"
"Milford School District","White",374,20,5.3,12,3.2
"Monroe School District","Asian",12,"*","*","*","*"
"Monroe School District","Black",7,"*","*","*","*"
"Monroe School District","Hawaiian or Pacific Islander","*","*","*","*","*"
"Monroe School District","Hispanic",29,"*","*","*","*"
"Monroe School District","Indian or Alaska Native","*","*","*","*","*"
"Monroe School District","Two or More Races","*","*","*","*","*"
"Monroe School District","White",270,"*","*","*","*"
"Montville School District","Asian",16,"*","*","*","*"
"Montville School District","Black",9,"*","*","*","*"
"Montville School District","Hawaiian or Pacific Islander","*","*","*","*","*"
"Montville School District","Hispanic",13,"*","*","*","*"
"Montville School District","Indian or Alaska Native","*","*","*","*","*"
"Montville School District","Two or More Races",6,"*","*","*","*"
"Montville School District","White",130,"*","*","*","*"
"Naugatuck School District","Asian",7,"*","*","*","*"
"Naugatuck School District","Black",29,"*","*","*","*"
"Naugatuck School District","Hawaiian or Pacific Islander","*","*","*","*","*"
"Naugatuck School District","Hispanic",62,"*","*","*","*"
"Naugatuck School District","Indian or Alaska Native","*","*","*","*","*"
"Naugatuck School District","Two or More Races",12,"*","*","*","*"
"Naugatuck School District","White",227,14,6.2,25,11.0
"New Britain School District","Asian",11,"*","*","*","*"
"New Britain School District","Black",120,17,14.2,15,12.5
"New Britain School District","Hawaiian or Pacific Islander","*","*","*","*","*"
"New Britain School District","Hispanic",385,41,10.6,98,25.5
"New Britain School District","Indian or Alaska Native","*","*","*","*","*"
"New Britain School District","Two or More Races",10,"*","*","*","*"
"New Britain School District","White",132,12,9.1,19,14.4
"New Canaan School District","Asian",10,"*","*","*","*"
"New Canaan School District","Black",6,"*","*","*","*"
"New Canaan School District","Hawaiian or Pacific Islander","*","*","*","*","*"
"New Canaan School District","Hispanic","*","*","*","*","*"
"New Canaan School District","Indian or Alaska Native","*","*","*","*","*"
"New Canaan School District","Two or More Races","*","*","*","*","*"
"New Canaan School District","White",282,"*","*","*","*"
"New Fairfield School District","Asian","*","*","*","*","*"
"New Fairfield School District","Black","*","*","*","*","*"
"New Fairfield School District","Hawaiian or Pacific Islander","*","*","*","*","*"
"New Fairfield School District","Hispanic",15,"*","*","*","*"
"New Fairfield School District","Indian or Alaska Native","*","*","*","*","*"
"New Fairfield School District","Two or More Races","*","*","*","*","*"
"New Fairfield School District","White",238,"*","*","*","*"
"New Haven School District","Asian",43,"*","*","*","*"
"New Haven School District","Black",689,59,8.6,100,14.5
"New Haven School District","Hawaiian or Pacific Islander","*","*","*","*","*"
"New Haven School District","Hispanic",504,47,9.3,124,24.6
"New Haven School District","Indian or Alaska Native","*","*","*","*","*"
"New Haven School District","Two or More Races",6,"*","*","*","*"
"New Haven School District","White",243,12,4.9,23,9.5
"New London School District","Asian","*","*","*","*","*"
"New London School District","Black",56,"*","*",9,16.1
"New London School District","Hawaiian or Pacific Islander","*","*","*","*","*"
"New London School District","Hispanic",89,11,12.4,18,20.2
"New London School District","Indian or Alaska Native","*","*","*","*","*"
"New London School District","Two or More Races",14,"*","*","*","*"
"New London School District","White",36,"*","*",6,16.7
"New Milford School District","Asian",14,"*","*","*","*"
"New Milford School District","Black",9,"*","*","*","*"
"New Milford School District","Hawaiian or Pacific Islander","*","*","*","*","*"
"New Milford School District","Hispanic",29,"*","*","*","*"
"New Milford School District","Indian or Alaska Native","*","*","*","*","*"
"New Milford School District","Two or More Races","*","*","*","*","*"
"New Milford School District","White",315,12,3.8,18,5.7
"Newington School District","Asian",32,"*","*","*","*"
"Newington School District","Black",22,"*","*","*","*"
"Newington School District","Hawaiian or Pacific Islander","*","*","*","*","*"
"Newington School District","Hispanic",53,"*","*","*","*"
"Newington School District","Indian or Alaska Native","*","*","*","*","*"
"Newington School District","Two or More Races",12,"*","*","*","*"
"Newington School District","White",239,"*","*",11,4.6
"Newtown School District","Asian",16,"*","*","*","*"
"Newtown School District","Black","*","*","*","*","*"
"Newtown School District","Hawaiian or Pacific Islander","*","*","*","*","*"
"Newtown School District","Hispanic",25,"*","*","*","*"
"Newtown School District","Indian or Alaska Native","*","*","*","*","*"
"Newtown School District","Two or More Races",12,"*","*","*","*"
"Newtown School District","White",398,15,3.8,"*","*"
"North Branford School District","Asian",7,"*","*","*","*"
"North Branford School District","Black","*","*","*","*","*"
"North Branford School District","Hawaiian or Pacific Islander","*","*","*","*","*"
"North Branford School District","Hispanic",6,"*","*","*","*"
"North Branford School District","Indian or Alaska Native","*","*","*","*","*"
"North Branford School District","Two or More Races","*","*","*","*","*"
"North Branford School District","White",150,"*","*",7,4.7
"North Haven School District","Asian",19,"*","*","*","*"
"North Haven School District","Black",25,"*","*","*","*"
"North Haven School District","Hawaiian or Pacific Islander","*","*","*","*","*"
"North Haven School District","Hispanic",20,"*","*","*","*"
"North Haven School District","Indian or Alaska Native","*","*","*","*","*"
"North Haven School District","Two or More Races",6,"*","*","*","*"
"North Haven School District","White",226,7,3.1,11,4.9
"North Stonington School District","Asian","*","*","*","*","*"
"North Stonington School District","Black","*","*","*","*","*"
"North Stonington School District","Hawaiian or Pacific Islander","*","*","*","*","*"
"North Stonington School District","Hispanic","*","*","*","*","*"
"North Stonington School District","Indian or Alaska Native","*","*","*","*","*"
"North Stonington School District","Two or More Races","*","*","*","*","*"
"North Stonington School District","White",45,"*","*","*","*"
"Norwalk School District","Asian",41,"*","*","*","*"
"Norwalk School District","Black",203,6,3.0,18,8.9
"Norwalk School District","Hawaiian or Pacific Islander","*","*","*","*","*"
"Norwalk School District","Hispanic",287,12,4.2,32,11.1
"Norwalk School District","Indian or Alaska Native","*","*","*","*","*"
"Norwalk School District","Two or More Races",11,"*","*","*","*"
"Norwalk School District","White",332,"*","*",12,3.6
"Norwich Free Academy District","Asian",50,"*","*","*","*"
"Norwich Free Academy District","Black",96,"*","*",14,14.6
"Norwich Free Academy District","Hawaiian or Pacific Islander","*","*","*","*","*"
"Norwich Free Academy District","Hispanic",78,"*","*",17,21.8
"Norwich Free Academy District","Indian or Alaska Native",19,"*","*","*","*"
"Norwich Free Academy District","Two or More Races","*","*","*","*","*"
"Norwich Free Academy District","White",343,"*","*",26,7.6
"Old Saybrook School District","Asian",14,"*","*","*","*"
"Old Saybrook School District","Black","*","*","*","*","*"
"Old Saybrook School District","Hawaiian or Pacific Islander","*","*","*","*","*"
"Old Saybrook School District","Hispanic","*","*","*","*","*"
"Old Saybrook School District","Indian or Alaska Native","*","*","*","*","*"
"Old Saybrook School District","Two or More Races","*","*","*","*","*"
"Old Saybrook School District","White",108,"*","*","*","*"
"Oxford School District","Asian","*","*","*","*","*"
"Oxford School District","Black","*","*","*","*","*"
"Oxford School District","Hawaiian or Pacific Islander","*","*","*","*","*"
"Oxford School District","Hispanic",7,"*","*","*","*"
"Oxford School District","Indian or Alaska Native","*","*","*","*","*"
"Oxford School District","Two or More Races","*","*","*","*","*"
"Oxford School District","White",113,"*","*","*","*"
"Plainfield School District","Asian",8,"*","*","*","*"
"Plainfield School District","Black",8,"*","*","*","*"
"Plainfield School District","Hawaiian or Pacific Islander","*","*","*","*","*"
"Plainfield School District","Hispanic","*","*","*","*","*"
"Plainfield School District","Indian or Alaska Native","*","*","*","*","*"
"Plainfield School District","Two or More Races","*","*","*","*","*"
"Plainfield School District","White",148,10,6.8,16,10.8
"Plainville School District","Asian","*","*","*","*","*"
"Plainville School District","Black",8,"*","*","*","*"
"Plainville School District","Hawaiian or Pacific Islander","*","*","*","*","*"
"Plainville School District","Hispanic",23,"*","*","*","*"
"Plainville School District","Indian or Alaska Native","*","*","*","*","*"
"Plainville School District","Two or More Races","*","*","*","*","*"
"Plainville School District","White",141,"*","*",10,7.1
"Plymouth School District","Asian","*","*","*","*","*"
"Plymouth School District","Black","*","*","*","*","*"
"Plymouth School District","Hawaiian or Pacific Islander","*","*","*","*","*"
"Plymouth School District","Hispanic","*","*","*","*","*"
"Plymouth School District","Indian or Alaska Native","*","*","*","*","*"
"Plymouth School District","Two or More Races","*","*","*","*","*"
"Plymouth School District","White",115,11,9.6,"*","*"
"Portland School District","Asian","*","*","*","*","*"
"Portland School District","Black","*","*","*","*","*"
"Portland School District","Hawaiian or Pacific Islander","*","*","*","*","*"
"Portland School District","Hispanic",7,"*","*","*","*"
"Portland School District","Indian or Alaska Native","*","*","*","*","*"
"Portland School District","Two or More Races","*","*","*","*","*"
"Portland School District","White",79,"*","*","*","*"
"Putnam School District","Asian","*","*","*","*","*"
"Putnam School District","Black","*","*","*","*","*"
"Putnam School District","Hawaiian or Pacific Islander","*","*","*","*","*"
"Putnam School District","Hispanic","*","*","*","*","*"
"Putnam School District","Indian or Alaska Native","*","*","*","*","*"
"Putnam School District","Two or More Races",6,"*","*","*","*"
"Putnam School District","White",54,"*","*","*","*"
"Regional School District 01","Asian","*","*","*","*","*"
"Regional School District 01","Black","*","*","*","*","*"
"Regional School District 01","Hawaiian or Pacific Islander","*","*","*","*","*"
"Regional School District 01","Hispanic",8,"*","*","*","*"
"Regional School District 01","Indian or Alaska Native","*","*","*","*","*"
"Regional School District 01","Two or More Races","*","*","*","*","*"
"Regional School District 01","White",75,"*","*","*","*"
"Regional School District 04","Asian","*","*","*","*","*"
"Regional School District 04","Black","*","*","*","*","*"
"Regional School District 04","Hawaiian or Pacific Islander","*","*","*","*","*"
"Regional School District 04","Hispanic",8,"*","*","*","*"
"Regional School District 04","Indian or Alaska Native","*","*","*","*","*"
"Regional School District 04","Two or More Races","*","*","*","*","*"
"Regional School District 04","White",164,"*","*","*","*"
"Regional School District 05","Asian",39,"*","*","*","*"
"Regional School District 05","Black",12,"*","*","*","*"
"Regional School District 05","Hawaiian or Pacific Islander","*","*","*","*","*"
"Regional School District 05","Hispanic",25,"*","*","*","*"
"Regional School District 05","Indian or Alaska Native","*","*","*","*","*"
"Regional School District 05","Two or More Races","*","*","*","*","*"
"Regional School District 05","White",337,6,1.8,8,2.4
"Regional School District 06","Asian","*","*","*","*","*"
"Regional School District 06","Black","*","*","*","*","*"
"Regional School District 06","Hawaiian or Pacific Islander","*","*","*","*","*"
"Regional School District 06","Hispanic","*","*","*","*","*"
"Regional School District 06","Indian or Alaska Native","*","*","*","*","*"
"Regional School District 06","Two or More Races","*","*","*","*","*"
"Regional School District 06","White",86,"*","*","*","*"
"Regional School District 07","Asian","*","*","*","*","*"
"Regional School District 07","Black","*","*","*","*","*"
"Regional School District 07","Hawaiian or Pacific Islander","*","*","*","*","*"
"Regional School District 07","Hispanic","*","*","*","*","*"
"Regional School District 07","Indian or Alaska Native","*","*","*","*","*"
"Regional School District 07","Two or More Races","*","*","*","*","*"
"Regional School District 07","White",136,"*","*","*","*"
"Regional School District 08","Asian","*","*","*","*","*"
"Regional School District 08","Black","*","*","*","*","*"
"Regional School District 08","Hawaiian or Pacific Islander","*","*","*","*","*"
"Regional School District 08","Hispanic",7,"*","*","*","*"
"Regional School District 08","Indian or Alaska Native","*","*","*","*","*"
"Regional School District 08","Two or More Races","*","*","*","*","*"
"Regional School District 08","White",256,12,4.7,8,3.1
"Regional School District 09","Asian",9,"*","*","*","*"
"Regional School District 09","Black","*","*","*","*","*"
"Regional School District 09","Hawaiian or Pacific Islander","*","*","*","*","*"
"Regional School District 09","Hispanic",7,"*","*","*","*"
"Regional School District 09","Indian or Alaska Native","*","*","*","*","*"
"Regional School District 09","Two or More Races","*","*","*","*","*"
"Regional School District 09","White",231,6,2.6,"*","*"
"Regional School District 10","Asian","*","*","*","*","*"
"Regional School District 10","Black","*","*","*","*","*"
"Regional School District 10","Hawaiian or Pacific Islander","*","*","*","*","*"
"Regional School District 10","Hispanic","*","*","*","*","*"
"Regional School District 10","Indian or Alaska Native","*","*","*","*","*"
"Regional School District 10","Two or More Races","*","*","*","*","*"
"Regional School District 10","White",181,"*","*",6,3.3
"Regional School District 11","Asian","*","*","*","*","*"
"Regional School District 11","Black","*","*","*","*","*"
"Regional School District 11","Hawaiian or Pacific Islander","*","*","*","*","*"
"Regional School District 11","Hispanic","*","*","*","*","*"
"Regional School District 11","Indian or Alaska Native","*","*","*","*","*"
"Regional School District 11","Two or More Races","*","*","*","*","*"
"Regional School District 11","White",48,"*","*","*","*"
"Regional School District 12","Asian","*","*","*","*","*"
"Regional School District 12","Black","*","*","*","*","*"
"Regional School District 12","Hawaiian or Pacific Islander","*","*","*","*","*"
"Regional School District 12","Hispanic","*","*","*","*","*"
"Regional School District 12","Indian or Alaska Native","*","*","*","*","*"
"Regional School District 12","Two or More Races","*","*","*","*","*"
"Regional School District 12","White",66,"*","*","*","*"
"Regional School District 13","Asian","*","*","*","*","*"
"Regional School District 13","Black","*","*","*","*","*"
"Regional School District 13","Hawaiian or Pacific Islander","*","*","*","*","*"
"Regional School District 13","Hispanic",8,"*","*","*","*"
"Regional School District 13","Indian or Alaska Native","*","*","*","*","*"
"Regional School District 13","Two or More Races","*","*","*","*","*"
"Regional School District 13","White",138,10,7.2,"*","*"
"Regional School District 14","Asian","*","*","*","*","*"
"Regional School District 14","Black","*","*","*","*","*"
"Regional School District 14","Hawaiian or Pacific Islander","*","*","*","*","*"
"Regional School District 14","Hispanic","*","*","*","*","*"
"Regional School District 14","Indian or Alaska Native","*","*","*","*","*"
"Regional School District 14","Two or More Races","*","*","*","*","*"
"Regional School District 14","White",183,"*","*","*","*"
"Regional School District 15","Asian",18,"*","*","*","*"
"Regional School District 15","Black","*","*","*","*","*"
"Regional School District 15","Hawaiian or Pacific Islander","*","*","*","*","*"
"Regional School District 15","Hispanic",24,"*","*","*","*"
"Regional School District 15","Indian or Alaska Native","*","*","*","*","*"
"Regional School District 15","Two or More Races","*","*","*","*","*"
"Regional School District 15","White",247,"*","*",9,3.6
"Regional School District 16","Asian","*","*","*","*","*"
"Regional School District 16","Black","*","*","*","*","*"
"Regional School District 16","Hawaiian or Pacific Islander","*","*","*","*","*"
"Regional School District 16","Hispanic",6,"*","*","*","*"
"Regional School District 16","Indian or Alaska Native","*","*","*","*","*"
"Regional School District 16","Two or More Races","*","*","*","*","*"
"Regional School District 16","White",158,6,3.8,"*","*"
"Regional School District 17","Asian","*","*","*","*","*"
"Regional School District 17","Black","*","*","*","*","*"
"Regional School District 17","Hawaiian or Pacific Islander","*","*","*","*","*"
"Regional School District 17","Hispanic","*","*","*","*","*"
"Regional School District 17","Indian or Alaska Native","*","*","*","*","*"
"Regional School District 17","Two or More Races","*","*","*","*","*"
"Regional School District 17","White",157,"*","*","*","*"
"Regional School District 18","Asian","*","*","*","*","*"
"Regional School District 18","Black","*","*","*","*","*"
"Regional School District 18","Hawaiian or Pacific Islander","*","*","*","*","*"
"Regional School District 18","Hispanic","*","*","*","*","*"
"Regional School District 18","Indian or Alaska Native","*","*","*","*","*"
"Regional School District 18","Two or More Races","*","*","*","*","*"
"Regional School District 18","White",81,"*","*","*","*"
"Regional School District 19","Asian",13,"*","*","*","*"
"Regional School District 19","Black",7,"*","*","*","*"
"Regional School District 19","Hawaiian or Pacific Islander","*","*","*","*","*"
"Regional School District 19","Hispanic",9,"*","*","*","*"
"Regional School District 19","Indian or Alaska Native","*","*","*","*","*"
"Regional School District 19","Two or More Races","*","*","*","*","*"
"Regional School District 19","White",262,16,6.1,7,2.7
"Ridgefield School District","Asian",28,"*","*","*","*"
"Ridgefield School District","Black","*","*","*","*","*"
"Ridgefield School District","Hawaiian or Pacific Islander","*","*","*","*","*"
"Ridgefield School District","Hispanic",18,"*","*","*","*"
"Ridgefield School District","Indian or Alaska Native","*","*","*","*","*"
"Ridgefield School District","Two or More Races","*","*","*","*","*"
"Ridgefield School District","White",396,6,1.5,"*","*"
"Rocky Hill School District","Asian",13,"*","*","*","*"
"Rocky Hill School District","Black",14,"*","*","*","*"
"Rocky Hill School District","Hawaiian or Pacific Islander","*","*","*","*","*"
"Rocky Hill School District","Hispanic",17,"*","*","*","*"
"Rocky Hill School District","Indian or Alaska Native","*","*","*","*","*"
"Rocky Hill School District","Two or More Races","*","*","*","*","*"
"Rocky Hill School District","White",149,"*","*",9,6.0
"Seymour School District","Asian","*","*","*","*","*"
"Seymour School District","Black",10,"*","*","*","*"
"Seymour School District","Hawaiian or Pacific Islander","*","*","*","*","*"
"Seymour School District","Hispanic",19,"*","*","*","*"
"Seymour School District","Indian or Alaska Native","*","*","*","*","*"
"Seymour School District","Two or More Races","*","*","*","*","*"
"Seymour School District","White",114,"*","*",8,7.0
"Shelton School District","Asian",16,"*","*","*","*"
"Shelton School District","Black",12,"*","*","*","*"
"Shelton School District","Hawaiian or Pacific Islander","*","*","*","*","*"
"Shelton School District","Hispanic",22,"*","*","*","*"
"Shelton School District","Indian or Alaska Native","*","*","*","*","*"
"Shelton School District","Two or More Races","*","*","*","*","*"
"Shelton School District","White",318,10,3.1,9,2.8
"Simsbury School District","Asian",11,"*","*","*","*"
"Simsbury School District","Black",26,"*","*","*","*"
"Simsbury School District","Hawaiian or Pacific Islander","*","*","*","*","*"
"Simsbury School District","Hispanic",19,"*","*","*","*"
"Simsbury School District","Indian or Alaska Native","*","*","*","*","*"
"Simsbury School District","Two or More Races","*","*","*","*","*"
"Simsbury School District","White",323,12,3.7,"*","*"
"Somers School District","Asian","*","*","*","*","*"
"Somers School District","Black","*","*","*","*","*"
"Somers School District","Hawaiian or Pacific Islander","*","*","*","*","*"
"Somers School District","Hispanic",6,"*","*","*","*"
"Somers School District","Indian or Alaska Native","*","*","*","*","*"
"Somers School District","Two or More Races","*","*","*","*","*"
"Somers School District","White",115,"*","*","*","*"
"South Windsor School District","Asian",36,"*","*","*","*"
"South Windsor School District","Black",24,"*","*","*","*"
"South Windsor School District","Hawaiian or Pacific Islander","*","*","*","*","*"
"South Windsor School District","Hispanic",23,"*","*","*","*"
"South Windsor School District","Indian or Alaska Native","*","*","*","*","*"
"South Windsor School District","Two or More Races","*","*","*","*","*"
"South Windsor School District","White",267,8,3.0,13,4.9
"Southington School District","Asian",11,"*","*","*","*"
"Southington School District","Black",7,"*","*","*","*"
"Southington School District","Hawaiian or Pacific Islander","*","*","*","*","*"
"Southington School District","Hispanic",34,"*","*","*","*"
"Southington School District","Indian or Alaska Native","*","*","*","*","*"
"Southington School District","Two or More Races",15,"*","*","*","*"
"Southington School District","White",451,16,3.5,13,2.9
"Stafford School District","Asian","*","*","*","*","*"
"Stafford School District","Black","*","*","*","*","*"
"Stafford School District","Hawaiian or Pacific Islander","*","*","*","*","*"
"Stafford School District","Hispanic","*","*","*","*","*"
"Stafford School District","Indian or Alaska Native","*","*","*","*","*"
"Stafford School District","Two or More Races","*","*","*","*","*"
"Stafford School District","White",87,"*","*","*","*"
"Stamford Academy District","Asian","*","*","*","*","*"
"Stamford Academy District","Black",29,8,27.6,10,34.5
"Stamford Academy District","Hawaiian or Pacific Islander","*","*","*","*","*"
"Stamford Academy District","Hispanic",17,6,35.3,6,35.3
"Stamford Academy District","Indian or Alaska Native","*","*","*","*","*"
"Stamford Academy District","Two or More Races","*","*","*","*","*"
"Stamford Academy District","White","*","*","*","*","*"
"Stamford School District","Asian",73,"*","*","*","*"
"Stamford School District","Black",280,24,8.6,19,6.8
"Stamford School District","Hawaiian or Pacific Islander","*","*","*","*","*"
"Stamford School District","Hispanic",419,27,6.4,50,11.9
"Stamford School District","Indian or Alaska Native","*","*","*","*","*"
"Stamford School District","Two or More Races","*","*","*","*","*"
"Stamford School District","White",440,13,3.0,15,3.4
"Stonington School District","Asian",9,"*","*","*","*"
"Stonington School District","Black","*","*","*","*","*"
"Stonington School District","Hawaiian or Pacific Islander","*","*","*","*","*"
"Stonington School District","Hispanic",7,"*","*","*","*"
"Stonington School District","Indian or Alaska Native","*","*","*","*","*"
"Stonington School District","Two or More Races","*","*","*","*","*"
"Stonington School District","White",179,"*","*",12,6.7
"Stratford School District","Asian",8,"*","*","*","*"
"Stratford School District","Black",120,6,5.0,"*","*"
"Stratford School District","Hawaiian or Pacific Islander","*","*","*","*","*"
"Stratford School District","Hispanic",157,6,3.8,10,6.4
"Stratford School District","Indian or Alaska Native","*","*","*","*","*"
"Stratford School District","Two or More Races",13,"*","*","*","*"
"Stratford School District","White",234,8,3.4,7,3.0
"Suffield School District","Asian","*","*","*","*","*"
"Suffield School District","Black",6,"*","*","*","*"
"Suffield School District","Hawaiian or Pacific Islander","*","*","*","*","*"
"Suffield School District","Hispanic",7,"*","*","*","*"
"Suffield School District","Indian or Alaska Native","*","*","*","*","*"
"Suffield School District","Two or More Races","*","*","*","*","*"
"Suffield School District","White",194,"*","*",6,3.1
"The Bridge Academy District","Asian","*","*","*","*","*"
"The Bridge Academy District","Black",19,"*","*","*","*"
"The Bridge Academy District","Hawaiian or Pacific Islander","*","*","*","*","*"
"The Bridge Academy District","Hispanic",12,"*","*","*","*"
"The Bridge Academy District","Indian or Alaska Native","*","*","*","*","*"
"The Bridge Academy District","Two or More Races","*","*","*","*","*"
"The Bridge Academy District","White","*","*","*","*","*"
"The Gilbert School District","Asian",8,"*","*","*","*"
"The Gilbert School District","Black","*","*","*","*","*"
"The Gilbert School District","Hawaiian or Pacific Islander","*","*","*","*","*"
"The Gilbert School District","Hispanic",11,"*","*","*","*"
"The Gilbert School District","Indian or Alaska Native","*","*","*","*","*"
"The Gilbert School District","Two or More Races","*","*","*","*","*"
"The Gilbert School District","White",66,"*","*",6,9.1
"Thomaston School District","Asian","*","*","*","*","*"
"Thomaston School District","Black","*","*","*","*","*"
"Thomaston School District","Hawaiian or Pacific Islander","*","*","*","*","*"
"Thomaston School District","Hispanic","*","*","*","*","*"
"Thomaston School District","Indian or Alaska Native","*","*","*","*","*"
"Thomaston School District","Two or More Races","*","*","*","*","*"
"Thomaston School District","White",61,"*","*","*","*"
"Thompson School District","Asian","*","*","*","*","*"
"Thompson School District","Black","*","*","*","*","*"
"Thompson School District","Hawaiian or Pacific Islander","*","*","*","*","*"
"Thompson School District","Hispanic","*","*","*","*","*"
"Thompson School District","Indian or Alaska Native","*","*","*","*","*"
"Thompson School District","Two or More Races","*","*","*","*","*"
"Thompson School District","White",65,"*","*","*","*"
"Tolland School District","Asian",8,"*","*","*","*"
"Tolland School District","Black","*","*","*","*","*"
"Tolland School District","Hawaiian or Pacific Islander","*","*","*","*","*"
"Tolland School District","Hispanic","*","*","*","*","*"
"Tolland School District","Indian or Alaska Native","*","*","*","*","*"
"Tolland School District","Two or More Races","*","*","*","*","*"
"Tolland School District","White",198,6,3.0,"*","*"
"Torrington School District","Asian",6,"*","*","*","*"
"Torrington School District","Black",11,"*","*","*","*"
"Torrington School District","Hawaiian or Pacific Islander","*","*","*","*","*"
"Torrington School District","Hispanic",59,"*","*",10,16.9
"Torrington School District","Indian or Alaska Native","*","*","*","*","*"
"Torrington School District","Two or More Races",11,"*","*","*","*"
"Torrington School District","White",195,16,8.2,13,6.7
"Trumbull School District","Asian",36,"*","*","*","*"
"Trumbull School District","Black",33,"*","*","*","*"
"Trumbull School District","Hawaiian or Pacific Islander","*","*","*","*","*"
"Trumbull School District","Hispanic",49,"*","*","*","*"
"Trumbull School District","Indian or Alaska Native","*","*","*","*","*"
"Trumbull School District","Two or More Races","*","*","*","*","*"
"Trumbull School District","White",416,"*","*","*","*"
"Unified School District #1","Asian","*","*","*","*","*"
"Unified School District #1","Black",197,42,21.3,149,75.6
"Unified School District #1","Hawaiian or Pacific Islander","*","*","*","*","*"
"Unified School District #1","Hispanic",152,24,15.8,126,82.9
"Unified School District #1","Indian or Alaska Native","*","*","*","*","*"
"Unified School District #1","Two or More Races","*","*","*","*","*"
"Unified School District #1","White",57,"*","*",52,91.2
"Unified School District #2","Asian","*","*","*","*","*"
"Unified School District #2","Black",14,"*","*",8,57.1
"Unified School District #2","Hawaiian or Pacific Islander","*","*","*","*","*"
"Unified School District #2","Hispanic",14,"*","*",12,85.7
"Unified School District #2","Indian or Alaska Native","*","*","*","*","*"
"Unified School District #2","Two or More Races","*","*","*","*","*"
"Unified School District #2","White",12,"*","*",8,66.7
"Vernon School District","Asian","*","*","*","*","*"
"Vernon School District","Black",30,"*","*","*","*"
"Vernon School District","Hawaiian or Pacific Islander","*","*","*","*","*"
"Vernon School District","Hispanic",30,"*","*",8,26.7
"Vernon School District","Indian or Alaska Native","*","*","*","*","*"
"Vernon School District","Two or More Races","*","*","*","*","*"
"Vernon School District","White",178,"*","*",12,6.7
"Wallingford School District","Asian",20,"*","*","*","*"
"Wallingford School District","Black",17,"*","*","*","*"
"Wallingford School District","Hawaiian or Pacific Islander","*","*","*","*","*"
"Wallingford School District","Hispanic",53,"*","*","*","*"
"Wallingford School District","Indian or Alaska Native","*","*","*","*","*"
"Wallingford School District","Two or More Races","*","*","*","*","*"
"Wallingford School District","White",408,6,1.5,16,3.9
"Waterbury School District","Asian",19,"*","*","*","*"
"Waterbury School District","Black",359,17,4.7,85,23.7
"Waterbury School District","Hawaiian or Pacific Islander","*","*","*","*","*"
"Waterbury School District","Hispanic",633,36,5.7,192,30.3
"Waterbury School District","Indian or Alaska Native","*","*","*","*","*"
"Waterbury School District","Two or More Races",36,"*","*",7,19.4
"Waterbury School District","White",288,16,5.6,50,17.4
"Waterford School District","Asian",10,"*","*","*","*"
"Waterford School District","Black",8,"*","*","*","*"
"Waterford School District","Hawaiian or Pacific Islander","*","*","*","*","*"
"Waterford School District","Hispanic",15,"*","*","*","*"
"Waterford School District","Indian or Alaska Native","*","*","*","*","*"
"Waterford School District","Two or More Races","*","*","*","*","*"
"Waterford School District","White",176,"*","*",8,4.5
"Watertown School District","Asian",6,"*","*","*","*"
"Watertown School District","Black","*","*","*","*","*"
"Watertown School District","Hawaiian or Pacific Islander","*","*","*","*","*"
"Watertown School District","Hispanic","*","*","*","*","*"
"Watertown School District","Indian or Alaska Native","*","*","*","*","*"
"Watertown School District","Two or More Races","*","*","*","*","*"
"Watertown School District","White",187,12,6.4,8,4.3
"West Hartford School District","Asian",75,"*","*","*","*"
"West Hartford School District","Black",86,"*","*","*","*"
"West Hartford School District","Hawaiian or Pacific Islander","*","*","*","*","*"
"West Hartford School District","Hispanic",132,8,6.1,9,6.8
"West Hartford School District","Indian or Alaska Native","*","*","*","*","*"
"West Hartford School District","Two or More Races",17,"*","*","*","*"
"West Hartford School District","White",426,12,2.8,6,1.4
"West Haven School District","Asian",16,"*","*","*","*"
"West Haven School District","Black",107,"*","*",21,19.6
"West Haven School District","Hawaiian or Pacific Islander","*","*","*","*","*"
"West Haven School District","Hispanic",130,9,6.9,20,15.4
"West Haven School District","Indian or Alaska Native","*","*","*","*","*"
"West Haven School District","Two or More Races",10,"*","*","*","*"
"West Haven School District","White",160,"*","*",33,20.6
"Westbrook School District","Asian","*","*","*","*","*"
"Westbrook School District","Black","*","*","*","*","*"
"Westbrook School District","Hawaiian or Pacific Islander","*","*","*","*","*"
"Westbrook School District","Hispanic","*","*","*","*","*"
"Westbrook School District","Indian or Alaska Native","*","*","*","*","*"
"Westbrook School District","Two or More Races","*","*","*","*","*"
"Westbrook School District","White",71,"*","*","*","*"
"Weston School District","Asian","*","*","*","*","*"
"Weston School District","Black","*","*","*","*","*"
"Weston School District","Hawaiian or Pacific Islander","*","*","*","*","*"
"Weston School District","Hispanic","*","*","*","*","*"
"Weston School District","Indian or Alaska Native","*","*","*","*","*"
"Weston School District","Two or More Races","*","*","*","*","*"
"Weston School District","White",156,"*","*","*","*"
"Westport School District","Asian",20,"*","*","*","*"
"Westport School District","Black",10,"*","*","*","*"
"Westport School District","Hawaiian or Pacific Islander","*","*","*","*","*"
"Westport School District","Hispanic",19,"*","*","*","*"
"Westport School District","Indian or Alaska Native","*","*","*","*","*"
"Westport School District","Two or More Races","*","*","*","*","*"
"Westport School District","White",411,"*","*","*","*"
"Wethersfield School District","Asian",20,"*","*","*","*"
"Wethersfield School District","Black",12,"*","*","*","*"
"Wethersfield School District","Hawaiian or Pacific Islander","*","*","*","*","*"
"Wethersfield School District","Hispanic",44,"*","*","*","*"
"Wethersfield School District","Indian or Alaska Native","*","*","*","*","*"
"Wethersfield School District","Two or More Races","*","*","*","*","*"
"Wethersfield School District","White",207,8,3.9,6,2.9
"Wilton School District","Asian",23,"*","*","*","*"
"Wilton School District","Black","*","*","*","*","*"
"Wilton School District","Hawaiian or Pacific Islander","*","*","*","*","*"
"Wilton School District","Hispanic",9,"*","*","*","*"
"Wilton School District","Indian or Alaska Native","*","*","*","*","*"
"Wilton School District","Two or More Races","*","*","*","*","*"
"Wilton School District","White",291,9,3.1,"*","*"
"Windham School District","Asian","*","*","*","*","*"
"Windham School District","Black",6,"*","*","*","*"
"Windham School District","Hawaiian or Pacific Islander","*","*","*","*","*"
"Windham School District","Hispanic",80,7,8.8,10,12.5
"Windham School District","Indian or Alaska Native","*","*","*","*","*"
"Windham School District","Two or More Races","*","*","*","*","*"
"Windham School District","White",37,"*","*","*","*"
"Windsor Locks School District","Asian",6,"*","*","*","*"
"Windsor Locks School District","Black",11,"*","*","*","*"
"Windsor Locks School District","Hawaiian or Pacific Islander","*","*","*","*","*"
"Windsor Locks School District","Hispanic",11,"*","*","*","*"
"Windsor Locks School District","Indian or Alaska Native","*","*","*","*","*"
"Windsor Locks School District","Two or More Races","*","*","*","*","*"
"Windsor Locks School District","White",102,8,7.8,6,5.9
"Windsor School District","Asian",15,"*","*","*","*"
"Windsor School District","Black",157,9,5.7,9,5.7
"Windsor School District","Hawaiian or Pacific Islander","*","*","*","*","*"
"Windsor School District","Hispanic",33,"*","*","*","*"
"Windsor School District","Indian or Alaska Native","*","*","*","*","*"
"Windsor School District","Two or More Races",9,"*","*","*","*"
"Windsor School District","White",96,6,6.3,"*","*"
"Wolcott School District","Asian","*","*","*","*","*"
"Wolcott School District","Black","*","*","*","*","*"
"Wolcott School District","Hawaiian or Pacific Islander","*","*","*","*","*"
"Wolcott School District","Hispanic",6,"*","*","*","*"
"Wolcott School District","Indian or Alaska Native","*","*","*","*","*"
"Wolcott School District","Two or More Races","*","*","*","*","*"
"Wolcott School District","White",166,"*","*","*","*"
"Woodstock Academy District","Asian",30,"*","*","*","*"
"Woodstock Academy District","Black","*","*","*","*","*"
"Woodstock Academy District","Hawaiian or Pacific Islander","*","*","*","*","*"
"Woodstock Academy District","Hispanic",9,"*","*","*","*"
"Woodstock Academy District","Indian or Alaska Native","*","*","*","*","*"
"Woodstock Academy District","Two or More Races","*","*","*","*","*"
"Woodstock Academy District","White",240,"*","*","*","*"

