"Four-Year Graduation Rates, Trend"
"All Districts, Race/Ethnicity"

"",,"Graduates",,,,
"",,"Four-Year Graduation Rate by Year",,,,
"District","Race/Ethnicity","2010-11","2011-12","2012-13","2013-14","2014-15"
"Amistad Academy District","Black",60.0,"*","*",88.2,85.7
"Amistad Academy District","Hispanic",57.1,"*","*","*",75.0
"Amistad Academy District","Indian or Alaska Native","N/A","N/A","N/A","*","*"
"Amistad Academy District","Asian","N/A","N/A","N/A","N/A","*"
"Amistad Academy District","Hawaiian or Pacific Islander","N/A","N/A","N/A","N/A","*"
"Amistad Academy District","Two or More Races","N/A","N/A","N/A","N/A","*"
"Amistad Academy District","White","N/A","N/A","N/A","N/A","*"
"Ansonia School District","Black",72.5,56.1,70.8,65.8,83.8
"Ansonia School District","Hispanic",57.5,68.9,65.3,77.3,83.3
"Ansonia School District","Indian or Alaska Native","*","N/A","N/A","N/A","*"
"Ansonia School District","Asian","*","*","*","*","*"
"Ansonia School District","Hawaiian or Pacific Islander","N/A","*","*","N/A","*"
"Ansonia School District","Two or More Races","N/A","N/A","N/A","*","*"
"Ansonia School District","White",73.6,85.5,81.1,82.2,84.1
"Avon School District","Black","*",100.0,"*","*",100.0
"Avon School District","Hispanic",92.9,87.5,91.7,100.0,100.0
"Avon School District","Indian or Alaska Native","*","N/A","N/A","N/A","*"
"Avon School District","Asian",94.7,100.0,100.0,100.0,96.2
"Avon School District","Hawaiian or Pacific Islander","N/A","*","*","*","*"
"Avon School District","Two or More Races","N/A","*","*","*",91.7
"Avon School District","White",96.2,96.0,96.8,97.1,95.7
"Berlin School District","Black","*","*","*","*","*"
"Berlin School District","Hispanic","*",88.9,88.9,94.1,81.3
"Berlin School District","Indian or Alaska Native","*","N/A","N/A","N/A","*"
"Berlin School District","Asian",100.0,"*",100.0,83.3,100.0
"Berlin School District","Hawaiian or Pacific Islander","N/A","N/A","N/A","N/A","*"
"Berlin School District","Two or More Races","N/A",92.3,"*","*","*"
"Berlin School District","White",93.9,95.0,96.9,95.5,94.5
"Bethel School District","Black","*","*",90.9,"*","*"
"Bethel School District","Hispanic",90.5,92.0,76.9,82.8,92.0
"Bethel School District","Indian or Alaska Native","N/A","N/A","*","N/A","*"
"Bethel School District","Asian","*",100.0,93.3,95.5,100.0
"Bethel School District","Hawaiian or Pacific Islander","N/A","N/A","N/A","N/A","*"
"Bethel School District","Two or More Races","N/A","*","*","*","*"
"Bethel School District","White",92.7,95.0,95.0,94.6,95.9
"Bloomfield School District","Black",76.3,80.0,89.4,89.3,90.1
"Bloomfield School District","Hispanic","*",57.9,71.4,76.9,75.0
"Bloomfield School District","Indian or Alaska Native","N/A","N/A","N/A","N/A","*"
"Bloomfield School District","Asian","*","N/A","*","*","*"
"Bloomfield School District","Hawaiian or Pacific Islander","N/A","N/A","N/A","N/A","*"
"Bloomfield School District","Two or More Races","N/A","N/A","*","*","*"
"Bloomfield School District","White","*",85.7,100.0,"*",70.0
"Bolton School District","Black","*","*","N/A","*","*"
"Bolton School District","Hispanic","*","*","*","*","*"
"Bolton School District","Indian or Alaska Native","*","N/A","N/A","N/A","*"
"Bolton School District","Asian","N/A","N/A","*","*","*"
"Bolton School District","Hawaiian or Pacific Islander","N/A","N/A","N/A","N/A","*"
"Bolton School District","Two or More Races","N/A","*","*","*","*"
"Bolton School District","White",95.6,92.8,97.4,96.6,96.9
"Branford School District","Black",90.0,"*",100.0,91.7,75.0
"Branford School District","Hispanic","*",100.0,100.0,77.3,92.3
"Branford School District","Indian or Alaska Native","*","N/A","*","N/A","*"
"Branford School District","Asian",94.7,80.0,85.0,95.5,90.0
"Branford School District","Hawaiian or Pacific Islander","N/A","N/A","N/A","N/A","*"
"Branford School District","Two or More Races","N/A","*","*",100.0,"*"
"Branford School District","White",93.9,94.4,91.8,91.6,90.7
"Bridgeport Achievement First District","Black","N/A","N/A","N/A","N/A",100.0
"Bridgeport Achievement First District","Hispanic","N/A","N/A","N/A","N/A",83.3
"Bridgeport Achievement First District","Indian or Alaska Native","N/A","N/A","N/A","N/A","*"
"Bridgeport Achievement First District","Asian","N/A","N/A","N/A","N/A","*"
"Bridgeport Achievement First District","Hawaiian or Pacific Islander","N/A","N/A","N/A","N/A","*"
"Bridgeport Achievement First District","Two or More Races","N/A","N/A","N/A","N/A","*"
"Bridgeport Achievement First District","White","N/A","N/A","N/A","N/A","*"
"Bridgeport School District","Black",67.3,72.5,70.9,74.3,65.5
"Bridgeport School District","Hispanic",50.5,58.8,61.3,68.6,59.6
"Bridgeport School District","Indian or Alaska Native","*",91.0,86.5,"*","*"
"Bridgeport School District","Asian","*","*",86.8,80.0,85.2
"Bridgeport School District","Hawaiian or Pacific Islander","N/A","*","*","*","*"
"Bridgeport School District","Two or More Races","N/A","N/A","*",87.5,"*"
"Bridgeport School District","White",67.5,60.9,64.8,68.4,69.3
"Bristol School District","Black",60.8,80.0,64.9,69.2,74.5
"Bristol School District","Hispanic",69.6,71.0,60.0,70.2,63.6
"Bristol School District","Indian or Alaska Native","*","*","*","*","*"
"Bristol School District","Asian","*",94.7,"*",95.0,100.0
"Bristol School District","Hawaiian or Pacific Islander","N/A","N/A","N/A","N/A","*"
"Bristol School District","Two or More Races","N/A","*",76.9,"*",80.0
"Bristol School District","White",79.2,87.7,85.3,85.2,86.8
"Brookfield School District","Black","*",100.0,"*",100.0,"*"
"Brookfield School District","Hispanic",100.0,100.0,"*","*",88.2
"Brookfield School District","Indian or Alaska Native","N/A","N/A","N/A","N/A","*"
"Brookfield School District","Asian","*",100.0,100.0,"*",92.3
"Brookfield School District","Hawaiian or Pacific Islander","N/A","N/A","N/A","N/A","*"
"Brookfield School District","Two or More Races","N/A","N/A","N/A","N/A","*"
"Brookfield School District","White",94.4,97.0,97.2,97.2,96.0
"Canton School District","Black","*","*","*","*","*"
"Canton School District","Hispanic","*",100.0,"*","*","*"
"Canton School District","Indian or Alaska Native","N/A","N/A","N/A","N/A","*"
"Canton School District","Asian","*","*","*","*","*"
"Canton School District","Hawaiian or Pacific Islander","N/A","N/A","N/A","N/A","*"
"Canton School District","Two or More Races","N/A","*","*","*","*"
"Canton School District","White",93.7,98.1,94.7,94.5,95.9
"Capitol Region Education Council","Black",87.1,83.5,89.0,91.5,87.9
"Capitol Region Education Council","Hispanic",68.9,73.8,77.4,80.0,90.2
"Capitol Region Education Council","Indian or Alaska Native","N/A","*","*","*","*"
"Capitol Region Education Council","Asian",69.2,88.9,100.0,85.7,90.0
"Capitol Region Education Council","Hawaiian or Pacific Islander","N/A","N/A","N/A","N/A","*"
"Capitol Region Education Council","Two or More Races","N/A","*","*","*",85.7
"Capitol Region Education Council","White",90.3,76.9,83.1,92.2,93.5
"Cheshire School District","Black",85.7,100.0,"*",85.7,88.9
"Cheshire School District","Hispanic",100.0,88.9,83.3,85.7,88.9
"Cheshire School District","Indian or Alaska Native","N/A","N/A","*","N/A","*"
"Cheshire School District","Asian",100.0,100.0,95.8,100.0,100.0
"Cheshire School District","Hawaiian or Pacific Islander","N/A","N/A","N/A","N/A","*"
"Cheshire School District","Two or More Races","N/A","N/A","N/A","N/A","*"
"Cheshire School District","White",94.7,95.5,94.5,95.5,97.3
"Clinton School District","Black","*","*","N/A","*","*"
"Clinton School District","Hispanic",100.0,"*",83.3,90.0,72.7
"Clinton School District","Indian or Alaska Native","N/A","*","N/A","*","*"
"Clinton School District","Asian","*",100.0,"*","*","*"
"Clinton School District","Hawaiian or Pacific Islander","N/A","N/A","*","*","*"
"Clinton School District","Two or More Races","N/A","*",100.0,"*","*"
"Clinton School District","White",91.3,92.5,87.7,93.8,91.6
"Colchester School District","Black",85.7,100.0,91.7,100.0,"*"
"Colchester School District","Hispanic",100.0,90.9,91.7,100.0,100.0
"Colchester School District","Indian or Alaska Native","*","*","*","*","*"
"Colchester School District","Asian","*","*","*","*",100.0
"Colchester School District","Hawaiian or Pacific Islander","N/A","N/A","N/A","N/A","*"
"Colchester School District","Two or More Races","N/A","*","N/A","*","*"
"Colchester School District","White",93.0,95.4,93.3,95.4,91.3
"Common Ground High School District","Black",89.5,100.0,100.0,100.0,100.0
"Common Ground High School District","Hispanic",75.0,87.5,82.4,92.3,100.0
"Common Ground High School District","Indian or Alaska Native","N/A","N/A","N/A","N/A","*"
"Common Ground High School District","Asian","N/A","N/A","*","N/A","*"
"Common Ground High School District","Hawaiian or Pacific Islander","N/A","N/A","N/A","N/A","*"
"Common Ground High School District","Two or More Races","N/A","*","*","*","*"
"Common Ground High School District","White",100.0,"*",85.7,"*",100.0
"Connecticut Technical High School System","Black",95.0,94.3,94.8,96.4,96.4
"Connecticut Technical High School System","Hispanic",91.7,95.1,93.8,94.3,96.8
"Connecticut Technical High School System","Indian or Alaska Native",93.3,93.5,100.0,"*","*"
"Connecticut Technical High School System","Asian",94.4,95.2,100.0,100.0,100.0
"Connecticut Technical High School System","Hawaiian or Pacific Islander","N/A","*","N/A","*","*"
"Connecticut Technical High School System","Two or More Races","N/A","*",94.4,100.0,96.1
"Connecticut Technical High School System","White",93.8,96.8,97.9,97.0,98.1
"Coventry School District","Black","*","*","*","*","*"
"Coventry School District","Hispanic","*","*","*","*","*"
"Coventry School District","Indian or Alaska Native","N/A","N/A","N/A","N/A","*"
"Coventry School District","Asian","*","*","N/A","*","*"
"Coventry School District","Hawaiian or Pacific Islander","N/A","N/A","N/A","N/A","*"
"Coventry School District","Two or More Races","N/A","*","*","*","*"
"Coventry School District","White",90.3,87.8,90.8,97.5,93.5
"Cromwell School District","Black",92.3,72.7,100.0,90.9,90.9
"Cromwell School District","Hispanic","*",88.9,72.7,100.0,100.0
"Cromwell School District","Indian or Alaska Native","N/A","*","*","N/A","*"
"Cromwell School District","Asian","*","*",85.7,"*",100.0
"Cromwell School District","Hawaiian or Pacific Islander","N/A","N/A","N/A","N/A","*"
"Cromwell School District","Two or More Races","N/A","N/A","*","*","*"
"Cromwell School District","White",93.3,93.8,93.7,89.8,96.0
"Danbury School District","Black",76.2,74.7,76.1,70.3,64.0
"Danbury School District","Hispanic",70.7,64.9,60.2,67.3,67.2
"Danbury School District","Indian or Alaska Native","*","N/A","N/A","N/A","*"
"Danbury School District","Asian","*","*","*",86.1,91.5
"Danbury School District","Hawaiian or Pacific Islander","N/A","N/A","N/A","N/A","*"
"Danbury School District","Two or More Races","N/A","*","*",75.0,60.0
"Danbury School District","White",80.4,83.9,83.5,87.0,87.3
"Darien School District","Black","*","*","N/A","*","*"
"Darien School District","Hispanic",92.3,"*",100.0,94.1,100.0
"Darien School District","Indian or Alaska Native","*","N/A","*","N/A","*"
"Darien School District","Asian",100.0,100.0,"*","*",100.0
"Darien School District","Hawaiian or Pacific Islander","N/A","N/A","N/A","N/A","*"
"Darien School District","Two or More Races","N/A","N/A","N/A","N/A","*"
"Darien School District","White",95.7,96.9,96.9,97.1,96.4
"Department of Mental Health and Addiction Services","Black","N/A","N/A","N/A","*","N/A"
"Department of Mental Health and Addiction Services","Hispanic","N/A","N/A","*","N/A","N/A"
"Department of Mental Health and Addiction Services","White","N/A","N/A","*","*","N/A"
"Derby School District","Black","*",47.1,46.2,71.4,70.8
"Derby School District","Hispanic","*",53.8,72.0,72.7,82.6
"Derby School District","Indian or Alaska Native","N/A","N/A","N/A","N/A","*"
"Derby School District","Asian","*","N/A","*","*","*"
"Derby School District","Hawaiian or Pacific Islander","N/A","*","N/A","N/A","*"
"Derby School District","Two or More Races","N/A","*","*","*","*"
"Derby School District","White",75.0,91.8,64.7,87.3,88.9
"East Granby School District","Black","*","*","*","*","*"
"East Granby School District","Hispanic","*","*","*","*","*"
"East Granby School District","Indian or Alaska Native","N/A","N/A","N/A","N/A","*"
"East Granby School District","Asian","*","*","*","*","*"
"East Granby School District","Hawaiian or Pacific Islander","N/A","N/A","N/A","N/A","*"
"East Granby School District","Two or More Races","N/A","*","*","*","*"
"East Granby School District","White",95.8,94.3,95.0,96.3,100.0
"East Haddam School District","Black","*","*","N/A","*","*"
"East Haddam School District","Hispanic","*","*","*","*","*"
"East Haddam School District","Indian or Alaska Native","N/A","N/A","N/A","N/A","*"
"East Haddam School District","Asian","*","N/A","*","*","*"
"East Haddam School District","Hawaiian or Pacific Islander","N/A","N/A","N/A","N/A","*"
"East Haddam School District","Two or More Races","N/A","N/A","N/A","N/A","*"
"East Haddam School District","White",93.5,92.9,95.8,92.9,90.2
"East Hampton School District","Black","N/A","*","*","*","*"
"East Hampton School District","Hispanic","*","*","*","*","*"
"East Hampton School District","Indian or Alaska Native","N/A","N/A","*","N/A","*"
"East Hampton School District","Asian","*","*","*","*","*"
"East Hampton School District","Hawaiian or Pacific Islander","N/A","N/A","N/A","N/A","*"
"East Hampton School District","Two or More Races","N/A","*","N/A","*","*"
"East Hampton School District","White",91.0,94.8,96.0,96.4,94.9
"East Hartford School District","Black",77.6,81.9,79.6,79.0,89.2
"East Hartford School District","Hispanic",74.3,70.0,74.4,72.3,83.3
"East Hartford School District","Indian or Alaska Native","*","*","*","*","*"
"East Hartford School District","Asian","*",87.8,"*","*",100.0
"East Hartford School District","Hawaiian or Pacific Islander","N/A","N/A","N/A","N/A","*"
"East Hartford School District","Two or More Races","N/A","*","N/A","N/A","*"
"East Hartford School District","White",85.7,76.2,78.0,83.7,94.3
"East Haven School District","Black",75.0,76.9,"*","*",66.7
"East Haven School District","Hispanic",82.4,68.0,68.8,72.0,76.1
"East Haven School District","Indian or Alaska Native","N/A","N/A","N/A","N/A","*"
"East Haven School District","Asian",93.3,"*","*",90.9,"*"
"East Haven School District","Hawaiian or Pacific Islander","N/A","N/A","N/A","N/A","*"
"East Haven School District","Two or More Races","N/A","*","*","*","*"
"East Haven School District","White",85.2,71.3,75.1,83.4,76.8
"East Lyme School District","Black","*","*",100.0,"*","*"
"East Lyme School District","Hispanic",100.0,100.0,100.0,88.9,100.0
"East Lyme School District","Indian or Alaska Native","*","*","*","*","*"
"East Lyme School District","Asian",90.9,100.0,100.0,96.0,96.8
"East Lyme School District","Hawaiian or Pacific Islander","N/A","N/A","N/A","N/A","*"
"East Lyme School District","Two or More Races","N/A","N/A","*",100.0,"*"
"East Lyme School District","White",96.5,94.0,93.2,93.4,94.7
"East Windsor School District","Black",80.0,72.7,73.3,75.0,87.5
"East Windsor School District","Hispanic","*",87.5,60.0,"*",70.0
"East Windsor School District","Indian or Alaska Native","N/A","N/A","N/A","N/A","*"
"East Windsor School District","Asian","*","*","*","*","*"
"East Windsor School District","Hawaiian or Pacific Islander","N/A","N/A","N/A","N/A","*"
"East Windsor School District","Two or More Races","N/A","*","*","*","*"
"East Windsor School District","White",84.9,87.5,86.4,90.7,89.1
"Eastern Connecticut Regional Educational Service Center (EASTCONN)","Black","*","*","*","*","*"
"Eastern Connecticut Regional Educational Service Center (EASTCONN)","Hispanic",90.9,"*","*",66.7,78.6
"Eastern Connecticut Regional Educational Service Center (EASTCONN)","Indian or Alaska Native","*","N/A","N/A","*","*"
"Eastern Connecticut Regional Educational Service Center (EASTCONN)","Asian","N/A","*","*","N/A","*"
"Eastern Connecticut Regional Educational Service Center (EASTCONN)","Hawaiian or Pacific Islander","N/A","N/A","N/A","N/A","*"
"Eastern Connecticut Regional Educational Service Center (EASTCONN)","Two or More Races","N/A","*","*","*","*"
"Eastern Connecticut Regional Educational Service Center (EASTCONN)","White",73.8,78.2,75.9,72.7,73.2
"Ellington School District","Black","*","*","*",100.0,100.0
"Ellington School District","Hispanic","*",100.0,75.0,85.7,100.0
"Ellington School District","Indian or Alaska Native","*","N/A","N/A","N/A","*"
"Ellington School District","Asian","*","*","*","*",100.0
"Ellington School District","Hawaiian or Pacific Islander","N/A","N/A","N/A","N/A","*"
"Ellington School District","Two or More Races","N/A",85.7,"*","*",100.0
"Ellington School District","White",94.7,90.1,92.7,95.9,96.4
"Elm City College Preparatory School District","Black","N/A","*","*","*",66.7
"Elm City College Preparatory School District","Hispanic","N/A","*","*","*","*"
"Elm City College Preparatory School District","Indian or Alaska Native","N/A","N/A","N/A","N/A","*"
"Elm City College Preparatory School District","Asian","N/A","N/A","N/A","N/A","*"
"Elm City College Preparatory School District","Hawaiian or Pacific Islander","N/A","N/A","N/A","N/A","*"
"Elm City College Preparatory School District","Two or More Races","N/A","N/A","N/A","N/A","*"
"Elm City College Preparatory School District","White","N/A","N/A","N/A","N/A","*"
"Enfield School District","Black",73.3,70.4,80.6,81.8,89.7
"Enfield School District","Hispanic",54.2,81.8,85.0,86.2,76.0
"Enfield School District","Indian or Alaska Native","*","*","N/A","N/A","*"
"Enfield School District","Asian","*",90.9,"*","*",88.9
"Enfield School District","Hawaiian or Pacific Islander","N/A","N/A","N/A","N/A","*"
"Enfield School District","Two or More Races","N/A","*","*","*",100.0
"Enfield School District","White",82.9,86.0,88.3,86.4,86.9
"Explorations District","Black","N/A","N/A","*","N/A","*"
"Explorations District","Hispanic","*","*","*","*","*"
"Explorations District","Indian or Alaska Native","N/A","N/A","N/A","N/A","*"
"Explorations District","Asian","*","N/A","N/A","N/A","*"
"Explorations District","Hawaiian or Pacific Islander","N/A","N/A","N/A","N/A","*"
"Explorations District","Two or More Races","N/A","N/A","N/A","N/A","*"
"Explorations District","White",54.8,"*",70.4,"*",85.0
"Fairfield School District","Black",87.9,"*",66.7,82.6,88.9
"Fairfield School District","Hispanic",73.7,85.3,93.8,93.1,89.7
"Fairfield School District","Indian or Alaska Native","N/A","*","*","*","*"
"Fairfield School District","Asian",97.1,92.9,88.2,97.5,100.0
"Fairfield School District","Hawaiian or Pacific Islander","N/A","N/A","*","*","*"
"Fairfield School District","Two or More Races","N/A",96.0,100.0,90.0,90.9
"Fairfield School District","White",94.7,95.8,92.9,94.2,94.6
"Farmington School District","Black","*",80.0,"*",93.8,86.4
"Farmington School District","Hispanic","*",87.5,100.0,76.9,80.0
"Farmington School District","Indian or Alaska Native","N/A","N/A","*","N/A","*"
"Farmington School District","Asian",100.0,100.0,90.9,97.4,97.4
"Farmington School District","Hawaiian or Pacific Islander","N/A","N/A","N/A","N/A","*"
"Farmington School District","Two or More Races","N/A","N/A","N/A","N/A","*"
"Farmington School District","White",96.5,95.0,96.1,97.0,97.6
"Glastonbury School District","Black",91.3,95.7,100.0,94.4,95.0
"Glastonbury School District","Hispanic","*",87.9,93.1,95.7,94.7
"Glastonbury School District","Indian or Alaska Native","*","*","N/A","*","*"
"Glastonbury School District","Asian",97.9,100.0,100.0,98.0,97.8
"Glastonbury School District","Hawaiian or Pacific Islander","N/A","N/A","N/A","N/A","*"
"Glastonbury School District","Two or More Races","N/A","*",92.3,"*",100.0
"Glastonbury School District","White",96.3,96.1,97.2,95.8,98.0
"Granby School District","Black","*","*","*","*","*"
"Granby School District","Hispanic","*","*","*",77.8,100.0
"Granby School District","Indian or Alaska Native","*","N/A","N/A","N/A","*"
"Granby School District","Asian","*","*","*","*","*"
"Granby School District","Hawaiian or Pacific Islander","N/A","N/A","N/A","N/A","*"
"Granby School District","Two or More Races","N/A","*","*","*","*"
"Granby School District","White",97.3,97.2,97.3,95.2,97.3
"Greenwich School District","Black","*",75.0,89.5,81.0,85.7
"Greenwich School District","Hispanic",90.4,78.6,82.0,90.8,85.5
"Greenwich School District","Indian or Alaska Native","*","N/A","N/A","*","*"
"Greenwich School District","Asian",93.2,93.5,95.7,95.2,98.0
"Greenwich School District","Hawaiian or Pacific Islander","N/A","N/A","N/A","*","*"
"Greenwich School District","Two or More Races","N/A",100.0,100.0,100.0,87.5
"Greenwich School District","White",96.0,95.6,97.3,96.7,97.8
"Griswold School District","Black","*","*","*","*","*"
"Griswold School District","Hispanic","*","*",90.9,"*",87.5
"Griswold School District","Indian or Alaska Native","*","*","*","*","*"
"Griswold School District","Asian","*","*",100.0,"N/A","*"
"Griswold School District","Hawaiian or Pacific Islander","N/A","*","N/A","N/A","*"
"Griswold School District","Two or More Races","N/A","*","*","*","*"
"Griswold School District","White",82.9,88.0,86.5,86.4,90.1
"Groton School District","Black",77.6,76.7,79.6,88.6,89.3
"Groton School District","Hispanic",68.6,67.6,75.0,71.2,81.6
"Groton School District","Indian or Alaska Native","*","*","*","*","*"
"Groton School District","Asian","*",100.0,90.5,95.8,95.0
"Groton School District","Hawaiian or Pacific Islander","N/A","*","*","*","*"
"Groton School District","Two or More Races","N/A","*",85.7,77.8,72.7
"Groton School District","White",83.1,84.4,83.2,87.7,90.0
"Guilford School District","Black","*","*","*","*","*"
"Guilford School District","Hispanic",91.7,100.0,92.9,100.0,88.9
"Guilford School District","Indian or Alaska Native","N/A","N/A","N/A","*","*"
"Guilford School District","Asian","*",100.0,"*",100.0,100.0
"Guilford School District","Hawaiian or Pacific Islander","N/A","N/A","N/A","N/A","*"
"Guilford School District","Two or More Races","N/A","*","*","*","*"
"Guilford School District","White",94.8,97.3,93.7,92.3,94.7
"Hamden School District","Black",74.2,78.8,80.2,84.2,84.6
"Hamden School District","Hispanic",75.0,71.8,81.3,83.8,83.3
"Hamden School District","Indian or Alaska Native","N/A","*","N/A","*","*"
"Hamden School District","Asian",91.7,93.9,"*",96.3,95.5
"Hamden School District","Hawaiian or Pacific Islander","N/A","N/A","N/A","N/A","*"
"Hamden School District","Two or More Races","N/A","*","*","*",75.0
"Hamden School District","White",91.5,91.6,89.7,93.8,93.7
"Hartford School District","Black",70.7,73.2,80.7,75.4,74.4
"Hartford School District","Hispanic",53.4,54.6,60.3,63.6,59.9
"Hartford School District","Indian or Alaska Native","*","*","*","*","*"
"Hartford School District","Asian","*",62.2,83.3,84.0,79.5
"Hartford School District","Hawaiian or Pacific Islander","N/A","*","*","*","*"
"Hartford School District","Two or More Races","N/A",50.0,64.8,75.0,90.0
"Hartford School District","White",86.8,83.7,85.9,86.5,90.9
"Killingly School District","Black","*",77.8,"*","*",100.0
"Killingly School District","Hispanic","*",66.7,"*","*","*"
"Killingly School District","Indian or Alaska Native","*","*","*","*","*"
"Killingly School District","Asian","*","*",85.7,77.8,"*"
"Killingly School District","Hawaiian or Pacific Islander","N/A","N/A","N/A","N/A","*"
"Killingly School District","Two or More Races","N/A","*",58.3,90.0,"*"
"Killingly School District","White",72.2,78.8,77.5,84.1,75.8
"Learn","Black","N/A","N/A",100.0,92.7,86.5
"Learn","Hispanic","N/A","N/A",80.0,78.9,88.1
"Learn","Indian or Alaska Native","N/A","N/A","N/A","N/A","*"
"Learn","Asian","N/A","N/A","*","*","*"
"Learn","Hawaiian or Pacific Islander","N/A","N/A","N/A","N/A","*"
"Learn","Two or More Races","N/A","N/A","*","*",90.9
"Learn","White","N/A","N/A",73.3,98.5,90.2
"Lebanon School District","Black","N/A","N/A","N/A","N/A","*"
"Lebanon School District","Hispanic","*","*","*","*","*"
"Lebanon School District","Indian or Alaska Native","N/A","*","*","*","*"
"Lebanon School District","Asian","N/A","N/A","*","*","*"
"Lebanon School District","Hawaiian or Pacific Islander","N/A","N/A","N/A","N/A","*"
"Lebanon School District","Two or More Races","N/A","N/A","N/A","N/A","*"
"Lebanon School District","White","*",87.5,92.7,92.8,97.7
"Ledyard School District","Black",58.3,90.9,"*",93.3,100.0
"Ledyard School District","Hispanic",84.2,83.3,86.7,85.0,100.0
"Ledyard School District","Indian or Alaska Native",75.0,83.3,90.0,"*",100.0
"Ledyard School District","Asian",100.0,100.0,100.0,92.9,100.0
"Ledyard School District","Hawaiian or Pacific Islander","N/A","N/A","N/A","N/A","*"
"Ledyard School District","Two or More Races","N/A","N/A","*","*","*"
"Ledyard School District","White",92.3,92.2,89.5,90.4,90.1
"Lisbon School District","Hispanic","N/A","N/A","N/A","*","N/A"
"Lisbon School District","Two or More Races","N/A","*","N/A","N/A","N/A"
"Lisbon School District","White","*","*","*","*","N/A"
"Litchfield School District","Black","*","*","N/A","N/A","*"
"Litchfield School District","Hispanic","*","*","*","*","*"
"Litchfield School District","Indian or Alaska Native","*","N/A","N/A","N/A","*"
"Litchfield School District","Asian","N/A","N/A","*","*","*"
"Litchfield School District","Hawaiian or Pacific Islander","N/A","N/A","N/A","N/A","*"
"Litchfield School District","Two or More Races","N/A","N/A","N/A","N/A","*"
"Litchfield School District","White",93.3,96.9,98.8,92.4,100.0
"Madison School District","Black","*","*","*","*","*"
"Madison School District","Hispanic","*","*","*",100.0,"*"
"Madison School District","Indian or Alaska Native","*","N/A","N/A","N/A","*"
"Madison School District","Asian",100.0,100.0,100.0,88.9,100.0
"Madison School District","Hawaiian or Pacific Islander","N/A","N/A","*","N/A","*"
"Madison School District","Two or More Races","N/A","*",100.0,"*",85.7
"Madison School District","White",96.6,96.8,98.6,96.9,98.9
"Manchester School District","Black",69.7,67.3,72.5,76.2,84.8
"Manchester School District","Hispanic",56.1,64.8,60.3,75.3,70.1
"Manchester School District","Indian or Alaska Native","N/A","*","*","*","*"
"Manchester School District","Asian",91.2,84.6,86.4,89.7,96.3
"Manchester School District","Hawaiian or Pacific Islander","N/A","N/A","N/A","N/A","*"
"Manchester School District","Two or More Races","N/A","*","*","*",88.9
"Manchester School District","White",75.3,78.8,83.3,86.0,82.1
"Meriden School District","Black",67.0,64.3,64.3,75.0,75.8
"Meriden School District","Hispanic",58.6,63.4,62.1,68.1,69.1
"Meriden School District","Indian or Alaska Native","*","*","*","N/A","*"
"Meriden School District","Asian","*",76.9,"*",93.3,90.9
"Meriden School District","Hawaiian or Pacific Islander","N/A","*","*","*","*"
"Meriden School District","Two or More Races","N/A",58.3,84.6,"*",71.4
"Meriden School District","White",80.3,78.5,81.4,86.0,79.0
"Middletown School District","Black",64.0,78.4,76.8,79.5,86.9
"Middletown School District","Hispanic",65.5,63.0,53.8,71.1,77.1
"Middletown School District","Indian or Alaska Native","*","N/A","*","N/A","*"
"Middletown School District","Asian","*","*",100.0,"*",100.0
"Middletown School District","Hawaiian or Pacific Islander","N/A","N/A","N/A","N/A","*"
"Middletown School District","Two or More Races","N/A","*","*","*",85.7
"Middletown School District","White",83.0,77.1,87.4,86.7,90.2
"Milford School District","Black",88.2,90.6,"*",89.5,75.0
"Milford School District","Hispanic",70.0,65.6,87.2,83.3,85.0
"Milford School District","Indian or Alaska Native","*","*","*","*","*"
"Milford School District","Asian","*","*",90.0,100.0,100.0
"Milford School District","Hawaiian or Pacific Islander","N/A","N/A","N/A","N/A","*"
"Milford School District","Two or More Races","N/A","N/A","N/A","*","*"
"Milford School District","White",88.7,86.7,84.5,93.0,91.4
"Monroe School District","Black",100.0,"*",100.0,"*",100.0
"Monroe School District","Hispanic",100.0,100.0,100.0,94.1,93.1
"Monroe School District","Indian or Alaska Native","N/A","N/A","*","*","*"
"Monroe School District","Asian",100.0,"*",100.0,100.0,100.0
"Monroe School District","Hawaiian or Pacific Islander","N/A","N/A","N/A","N/A","*"
"Monroe School District","Two or More Races","N/A","N/A","*","N/A","*"
"Monroe School District","White",96.6,98.7,97.0,96.3,97.8
"Montville School District","Black","*","*","*","*",77.8
"Montville School District","Hispanic",72.2,76.9,68.8,91.7,92.3
"Montville School District","Indian or Alaska Native","*","*","*","*","*"
"Montville School District","Asian",92.9,100.0,80.0,87.5,87.5
"Montville School District","Hawaiian or Pacific Islander","N/A","N/A","*","N/A","*"
"Montville School District","Two or More Races","N/A",100.0,87.5,80.0,100.0
"Montville School District","White",84.1,85.9,90.9,89.3,95.4
"Naugatuck School District","Black",81.6,80.0,85.7,70.0,93.1
"Naugatuck School District","Hispanic",71.4,77.0,66.0,73.2,87.1
"Naugatuck School District","Indian or Alaska Native","N/A","*","N/A","N/A","*"
"Naugatuck School District","Asian",100.0,100.0,"*",90.9,100.0
"Naugatuck School District","Hawaiian or Pacific Islander","N/A","N/A","*","N/A","*"
"Naugatuck School District","Two or More Races","N/A","*",91.7,75.0,100.0
"Naugatuck School District","White",83.6,85.7,78.3,85.7,82.8
"New Britain School District","Black",55.2,71.3,62.9,75.5,73.3
"New Britain School District","Hispanic",43.8,49.9,52.9,56.2,63.9
"New Britain School District","Indian or Alaska Native","*","N/A","*","N/A","*"
"New Britain School District","Asian","*","*",83.3,"*",81.8
"New Britain School District","Hawaiian or Pacific Islander","N/A","N/A","N/A","*","*"
"New Britain School District","Two or More Races","N/A","*","*","*",70.0
"New Britain School District","White",63.2,71.3,74.8,71.4,76.5
"New Canaan School District","Black","*","*","*","*",100.0
"New Canaan School District","Hispanic","*",92.3,100.0,100.0,"*"
"New Canaan School District","Indian or Alaska Native","N/A",100.0,"*","*","*"
"New Canaan School District","Asian",87.5,100.0,93.3,100.0,90.0
"New Canaan School District","Hawaiian or Pacific Islander","N/A","*","*","*","*"
"New Canaan School District","Two or More Races","N/A","*","*","*","*"
"New Canaan School District","White",97.6,97.6,97.7,98.2,99.3
"New Fairfield School District","Black","N/A","*","*","*","*"
"New Fairfield School District","Hispanic",66.7,100.0,91.7,100.0,100.0
"New Fairfield School District","Indian or Alaska Native","N/A","N/A","N/A","N/A","*"
"New Fairfield School District","Asian",100.0,"*","*","*","*"
"New Fairfield School District","Hawaiian or Pacific Islander","N/A","N/A","N/A","N/A","*"
"New Fairfield School District","Two or More Races","N/A","*","*","*","*"
"New Fairfield School District","White",91.6,97.7,95.8,96.7,98.7
"New Haven School District","Black",65.7,70.1,72.0,76.3,76.9
"New Haven School District","Hispanic",53.5,64.3,62.4,68.7,66.1
"New Haven School District","Indian or Alaska Native","*","*","*","*","*"
"New Haven School District","Asian","*",86.4,92.9,90.3,90.7
"New Haven School District","Hawaiian or Pacific Islander","N/A","N/A","N/A","N/A","*"
"New Haven School District","Two or More Races","N/A","*","*","*","*"
"New Haven School District","White",81.2,85.6,83.1,85.1,85.6
"New London School District","Black",67.9,63.5,64.7,79.4,76.8
"New London School District","Hispanic",56.9,57.8,59.0,67.3,67.4
"New London School District","Indian or Alaska Native","*","*","*","N/A","*"
"New London School District","Asian","*","*","*","*","*"
"New London School District","Hawaiian or Pacific Islander","N/A","N/A","N/A","N/A","*"
"New London School District","Two or More Races","N/A","*","*","*",92.9
"New London School District","White",65.2,66.0,75.4,63.3,75.0
"New Milford School District","Black",85.7,"*","*","*",66.7
"New Milford School District","Hispanic",81.0,85.2,80.8,82.1,89.7
"New Milford School District","Indian or Alaska Native","N/A","N/A","N/A","N/A","*"
"New Milford School District","Asian",82.4,100.0,100.0,100.0,100.0
"New Milford School District","Hawaiian or Pacific Islander","N/A","N/A","N/A","N/A","*"
"New Milford School District","Two or More Races","N/A","*","*","*","*"
"New Milford School District","White",87.7,89.9,86.7,90.5,90.5
"Newington School District","Black",70.4,77.8,"*",94.1,81.8
"Newington School District","Hispanic",75.9,81.3,84.3,86.3,92.5
"Newington School District","Indian or Alaska Native","N/A","N/A","N/A","*","*"
"Newington School District","Asian",92.3,90.5,97.5,100.0,96.9
"Newington School District","Hawaiian or Pacific Islander","N/A","N/A","N/A","N/A","*"
"Newington School District","Two or More Races","N/A",100.0,"*","*",91.7
"Newington School District","White",84.9,89.8,91.2,93.7,93.3
"Newtown School District","Black","*","*","*","*","*"
"Newtown School District","Hispanic",93.8,"*",88.9,96.2,96.0
"Newtown School District","Indian or Alaska Native","N/A","N/A","N/A","N/A","*"
"Newtown School District","Asian","*",90.0,82.4,100.0,100.0
"Newtown School District","Hawaiian or Pacific Islander","N/A","N/A","N/A","N/A","*"
"Newtown School District","Two or More Races","N/A","N/A","*","*",100.0
"Newtown School District","White",93.9,94.9,94.8,96.5,95.0
"North Branford School District","Black","*","*","*","*","*"
"North Branford School District","Hispanic","*","*",91.7,"*",100.0
"North Branford School District","Indian or Alaska Native","N/A","N/A","N/A","N/A","*"
"North Branford School District","Asian","*","*","*","N/A",100.0
"North Branford School District","Hawaiian or Pacific Islander","N/A","N/A","N/A","N/A","*"
"North Branford School District","Two or More Races","N/A","N/A","N/A","N/A","*"
"North Branford School District","White",94.1,91.8,97.3,92.6,93.3
"North Haven School District","Black",84.6,90.0,"*",80.0,100.0
"North Haven School District","Hispanic",78.6,72.7,71.9,76.0,75.0
"North Haven School District","Indian or Alaska Native","N/A","N/A","N/A","*","*"
"North Haven School District","Asian",90.9,95.7,"*",90.0,89.5
"North Haven School District","Hawaiian or Pacific Islander","N/A","N/A","N/A","*","*"
"North Haven School District","Two or More Races","N/A",100.0,"*",92.3,"*"
"North Haven School District","White",88.2,93.9,90.6,90.1,92.0
"North Stonington School District","Black","N/A","N/A","*","*","*"
"North Stonington School District","Hispanic","*","N/A","N/A","*","*"
"North Stonington School District","Indian or Alaska Native","*","*","N/A","N/A","*"
"North Stonington School District","Asian","*","N/A","*","*","*"
"North Stonington School District","Hawaiian or Pacific Islander","N/A","N/A","N/A","N/A","*"
"North Stonington School District","Two or More Races","N/A","*","N/A","*","*"
"North Stonington School District","White",90.0,88.5,95.5,98.1,91.1
"Norwalk School District","Black",81.6,84.5,82.1,80.8,88.2
"Norwalk School District","Hispanic",77.9,76.7,76.2,76.8,84.7
"Norwalk School District","Indian or Alaska Native","*","*","N/A","N/A","*"
"Norwalk School District","Asian","*",89.7,"*","*",92.7
"Norwalk School District","Hawaiian or Pacific Islander","N/A","N/A","N/A","N/A","*"
"Norwalk School District","Two or More Races","N/A","*","*","*",72.7
"Norwalk School District","White",89.6,92.0,93.2,89.9,94.9
"Norwich Free Academy District","Black",72.8,57.7,71.4,83.3,82.3
"Norwich Free Academy District","Hispanic",70.2,73.4,70.5,82.8,75.6
"Norwich Free Academy District","Indian or Alaska Native","*",84.6,66.7,90.9,84.2
"Norwich Free Academy District","Asian","*","*",97.0,100.0,92.0
"Norwich Free Academy District","Hawaiian or Pacific Islander","N/A","*",84.4,"*","*"
"Norwich Free Academy District","Two or More Races","N/A",90.7,94.3,"*","*"
"Norwich Free Academy District","White",84.4,88.6,84.2,87.7,91.5
"Norwich School District","Black","*","*","N/A","N/A","N/A"
"Norwich School District","Hispanic","*","*","N/A","N/A","N/A"
"Norwich School District","Indian or Alaska Native","*","N/A","N/A","N/A","N/A"
"Norwich School District","Asian","*","*","N/A","N/A","N/A"
"Norwich School District","Two or More Races","N/A","*","N/A","N/A","N/A"
"Norwich School District","White","*",25.0,"N/A","N/A","N/A"
"Old Saybrook School District","Black","*","*","*","*","*"
"Old Saybrook School District","Hispanic","*","*","*","*","*"
"Old Saybrook School District","Indian or Alaska Native","*","N/A","N/A","N/A","*"
"Old Saybrook School District","Asian",100.0,87.5,92.9,100.0,100.0
"Old Saybrook School District","Hawaiian or Pacific Islander","N/A","N/A","N/A","N/A","*"
"Old Saybrook School District","Two or More Races","N/A","N/A","*","*","*"
"Old Saybrook School District","White",93.7,96.2,95.7,91.2,94.4
"Oxford School District","Black","*",75.0,"*","*","*"
"Oxford School District","Hispanic","*","*","*",100.0,100.0
"Oxford School District","Indian or Alaska Native","*","N/A","N/A","N/A","*"
"Oxford School District","Asian","*","*","*","*","*"
"Oxford School District","Hawaiian or Pacific Islander","N/A","N/A","N/A","*","*"
"Oxford School District","Two or More Races","N/A","N/A","*","*","*"
"Oxford School District","White",95.1,92.3,97.2,97.4,92.0
"Plainfield School District","Black","*",85.7,"*","*",75.0
"Plainfield School District","Hispanic","*",100.0,88.9,"*","*"
"Plainfield School District","Indian or Alaska Native","*","*","*","*","*"
"Plainfield School District","Asian","*","*",100.0,"*",87.5
"Plainfield School District","Hawaiian or Pacific Islander","N/A","N/A","N/A","N/A","*"
"Plainfield School District","Two or More Races","N/A","N/A","*","N/A","*"
"Plainfield School District","White",86.0,84.8,85.1,85.4,82.4
"Plainville School District","Black",91.7,84.6,100.0,90.0,75.0
"Plainville School District","Hispanic","*",88.2,73.3,66.7,78.3
"Plainville School District","Indian or Alaska Native","N/A","*","*","*","*"
"Plainville School District","Asian","*","*","*","*","*"
"Plainville School District","Hawaiian or Pacific Islander","N/A","*","N/A","N/A","*"
"Plainville School District","Two or More Races","N/A","*","*","*","*"
"Plainville School District","White",89.4,93.3,90.2,90.9,90.8
"Plymouth School District","Black","*","*","*","*","*"
"Plymouth School District","Hispanic","*","*","*","*","*"
"Plymouth School District","Indian or Alaska Native","N/A","*","N/A","N/A","*"
"Plymouth School District","Asian","*","*","*","*","*"
"Plymouth School District","Hawaiian or Pacific Islander","N/A","N/A","N/A","N/A","*"
"Plymouth School District","Two or More Races","N/A","N/A","N/A","*","*"
"Plymouth School District","White",90.4,85.6,85.1,86.6,87.0
"Portland School District","Black","*","*","*","*","*"
"Portland School District","Hispanic","*","*","*","*","*"
"Portland School District","Indian or Alaska Native","N/A","N/A","N/A","N/A","*"
"Portland School District","Asian","N/A","N/A","*","*","*"
"Portland School District","Hawaiian or Pacific Islander","N/A","N/A","N/A","N/A","*"
"Portland School District","Two or More Races","N/A","*","*","*","*"
"Portland School District","White",83.0,95.2,88.6,94.2,91.1
"Putnam School District","Black","*","N/A","*","*","*"
"Putnam School District","Hispanic","*","*",100.0,"*","*"
"Putnam School District","Indian or Alaska Native","*","*","*","N/A","*"
"Putnam School District","Asian","N/A","N/A","*","*","*"
"Putnam School District","Hawaiian or Pacific Islander","N/A","N/A","N/A","N/A","*"
"Putnam School District","Two or More Races","N/A","*","*","*","*"
"Putnam School District","White",80.0,87.7,77.1,86.0,87.0
"Regional School District 01","Black","N/A","*","*","*","*"
"Regional School District 01","Hispanic","*","*","*","*",87.5
"Regional School District 01","Indian or Alaska Native","N/A","N/A","N/A","N/A","*"
"Regional School District 01","Asian","*","*","*","*","*"
"Regional School District 01","Hawaiian or Pacific Islander","N/A","N/A","N/A","N/A","*"
"Regional School District 01","Two or More Races","N/A","*","N/A","N/A","*"
"Regional School District 01","White",83.2,96.1,90.9,89.6,94.7
"Regional School District 04","Black","*","*","*","*","*"
"Regional School District 04","Hispanic","*","*","*","*",100.0
"Regional School District 04","Indian or Alaska Native","N/A","N/A","N/A","N/A","*"
"Regional School District 04","Asian",100.0,"*","*","*","*"
"Regional School District 04","Hawaiian or Pacific Islander","N/A","N/A","N/A","N/A","*"
"Regional School District 04","Two or More Races","N/A","*","*","N/A","*"
"Regional School District 04","White",87.0,92.2,95.4,97.6,97.0
"Regional School District 05","Black",94.1,92.3,"*",100.0,100.0
"Regional School District 05","Hispanic",84.6,"*",94.4,"*",100.0
"Regional School District 05","Indian or Alaska Native","N/A","*","N/A","*","*"
"Regional School District 05","Asian",100.0,100.0,97.7,95.8,97.4
"Regional School District 05","Hawaiian or Pacific Islander","N/A","N/A","N/A","N/A","*"
"Regional School District 05","Two or More Races","N/A","N/A","*","*","*"
"Regional School District 05","White",91.8,96.4,95.7,96.4,95.8
"Regional School District 06","Black","*","N/A","N/A","N/A","*"
"Regional School District 06","Hispanic","*","*","N/A","N/A","*"
"Regional School District 06","Indian or Alaska Native","N/A","N/A","N/A","N/A","*"
"Regional School District 06","Asian","*","N/A","*","N/A","*"
"Regional School District 06","Hawaiian or Pacific Islander","N/A","N/A","N/A","*","*"
"Regional School District 06","Two or More Races","N/A","*","*","*","*"
"Regional School District 06","White",88.0,96.5,95.7,93.4,95.3
"Regional School District 07","Black","*","*","*","*","*"
"Regional School District 07","Hispanic","*","*","*",88.9,"*"
"Regional School District 07","Indian or Alaska Native","N/A","N/A","N/A","N/A","*"
"Regional School District 07","Asian","*","*","*","*","*"
"Regional School District 07","Hawaiian or Pacific Islander","N/A","N/A","N/A","N/A","*"
"Regional School District 07","Two or More Races","N/A","N/A","N/A","N/A","*"
"Regional School District 07","White",93.5,93.5,94.7,92.4,97.1
"Regional School District 08","Black","N/A","*","*","*","*"
"Regional School District 08","Hispanic","*","*","*",85.7,100.0
"Regional School District 08","Indian or Alaska Native","N/A","N/A","*","N/A","*"
"Regional School District 08","Asian","*",100.0,"*","*","*"
"Regional School District 08","Hawaiian or Pacific Islander","N/A","N/A","N/A","N/A","*"
"Regional School District 08","Two or More Races","N/A","N/A","*","*","*"
"Regional School District 08","White",84.8,90.4,92.6,93.0,92.2
"Regional School District 09","Black","*","*","*","*","*"
"Regional School District 09","Hispanic",100.0,100.0,"*",100.0,100.0
"Regional School District 09","Indian or Alaska Native","*","N/A","N/A","N/A","*"
"Regional School District 09","Asian","*","*",100.0,75.0,100.0
"Regional School District 09","Hawaiian or Pacific Islander","N/A","N/A","N/A","N/A","*"
"Regional School District 09","Two or More Races","N/A","*","*","*","*"
"Regional School District 09","White",95.0,97.2,93.8,96.5,96.1
"Regional School District 10","Black","*","N/A","*","N/A","*"
"Regional School District 10","Hispanic","*",81.8,90.9,100.0,"*"
"Regional School District 10","Indian or Alaska Native","N/A","N/A","N/A","N/A","*"
"Regional School District 10","Asian","*","*","*","*","*"
"Regional School District 10","Hawaiian or Pacific Islander","N/A","N/A","*","N/A","*"
"Regional School District 10","Two or More Races","N/A","*","N/A","*","*"
"Regional School District 10","White",95.8,96.7,92.8,94.0,95.6
"Regional School District 11","Black","N/A","N/A","*","*","*"
"Regional School District 11","Hispanic","N/A","*","*","*","*"
"Regional School District 11","Indian or Alaska Native","N/A","N/A","N/A","N/A","*"
"Regional School District 11","Asian","N/A","N/A","*","*","*"
"Regional School District 11","Hawaiian or Pacific Islander","N/A","N/A","N/A","N/A","*"
"Regional School District 11","Two or More Races","N/A","N/A","N/A","N/A","*"
"Regional School District 11","White",71.1,"*",85.0,91.2,97.9
"Regional School District 12","Black","*","*","*","*","*"
"Regional School District 12","Hispanic","*","*","*","N/A","*"
"Regional School District 12","Indian or Alaska Native","*","N/A","N/A","N/A","*"
"Regional School District 12","Asian","*","N/A","*","*","*"
"Regional School District 12","Hawaiian or Pacific Islander","N/A","N/A","N/A","*","*"
"Regional School District 12","Two or More Races","N/A","*","*","N/A","*"
"Regional School District 12","White",85.4,83.3,86.7,93.5,97.0
"Regional School District 13","Black","*","N/A","N/A","*","*"
"Regional School District 13","Hispanic","*","*","*","*",100.0
"Regional School District 13","Indian or Alaska Native","*","N/A","N/A","N/A","*"
"Regional School District 13","Asian","*","*","*","N/A","*"
"Regional School District 13","Hawaiian or Pacific Islander","N/A","N/A","N/A","N/A","*"
"Regional School District 13","Two or More Races","N/A","*","*",100.0,"*"
"Regional School District 13","White",92.6,97.0,93.9,92.7,92.8
"Regional School District 14","Black","*","*","*","N/A","*"
"Regional School District 14","Hispanic","*","*","*","*","*"
"Regional School District 14","Indian or Alaska Native","N/A","*","N/A","*","*"
"Regional School District 14","Asian","*","*","*","*","*"
"Regional School District 14","Hawaiian or Pacific Islander","N/A","N/A","N/A","N/A","*"
"Regional School District 14","Two or More Races","N/A","N/A","N/A","N/A","*"
"Regional School District 14","White",95.7,97.9,93.8,96.6,98.4
"Regional School District 15","Black","*","*","*","*","*"
"Regional School District 15","Hispanic",77.8,92.3,100.0,92.9,95.8
"Regional School District 15","Indian or Alaska Native","*","*","N/A","*","*"
"Regional School District 15","Asian","*",100.0,100.0,100.0,94.4
"Regional School District 15","Hawaiian or Pacific Islander","N/A","N/A","N/A","N/A","*"
"Regional School District 15","Two or More Races","N/A","N/A","*","N/A","*"
"Regional School District 15","White",91.9,93.6,94.0,97.0,94.7
"Regional School District 16","Black",87.5,"*",100.0,"*","*"
"Regional School District 16","Hispanic","*",77.8,61.5,"*","*"
"Regional School District 16","Indian or Alaska Native","N/A","N/A","N/A","N/A","*"
"Regional School District 16","Asian","*","*","*","N/A","*"
"Regional School District 16","Hawaiian or Pacific Islander","N/A","N/A","N/A","N/A","*"
"Regional School District 16","Two or More Races","N/A","*","*","N/A","*"
"Regional School District 16","White",88.8,92.3,91.1,92.3,94.9
"Regional School District 17","Black","*","*","*","*","*"
"Regional School District 17","Hispanic","*",100.0,"*","*","*"
"Regional School District 17","Indian or Alaska Native","*","N/A","N/A","N/A","*"
"Regional School District 17","Asian","*","*","N/A",85.7,"*"
"Regional School District 17","Hawaiian or Pacific Islander","N/A","N/A","N/A","N/A","*"
"Regional School District 17","Two or More Races","N/A","N/A","*","N/A","*"
"Regional School District 17","White",92.6,93.4,96.8,98.6,96.2
"Regional School District 18","Black","*","N/A","N/A","N/A","*"
"Regional School District 18","Hispanic","*","*","*","*","*"
"Regional School District 18","Indian or Alaska Native","N/A","N/A","N/A","N/A","*"
"Regional School District 18","Asian","*","*","*","*","*"
"Regional School District 18","Hawaiian or Pacific Islander","N/A","N/A","N/A","N/A","*"
"Regional School District 18","Two or More Races","N/A","*","*","N/A","*"
"Regional School District 18","White",96.9,96.9,94.2,97.0,96.3
"Regional School District 19","Black",60.0,"*",77.8,"*",100.0
"Regional School District 19","Hispanic",60.0,80.0,79.2,82.4,88.9
"Regional School District 19","Indian or Alaska Native","N/A","*","N/A","*","*"
"Regional School District 19","Asian",83.3,88.9,91.7,100.0,100.0
"Regional School District 19","Hawaiian or Pacific Islander","N/A","N/A","*","N/A","*"
"Regional School District 19","Two or More Races","N/A","*","*","*","*"
"Regional School District 19","White",84.5,87.5,88.2,93.4,91.2
"Ridgefield School District","Black",87.5,"*","*","*","*"
"Ridgefield School District","Hispanic",87.5,87.5,90.0,92.9,88.9
"Ridgefield School District","Indian or Alaska Native","N/A","N/A","*","N/A","*"
"Ridgefield School District","Asian",100.0,90.0,90.0,91.7,85.7
"Ridgefield School District","Hawaiian or Pacific Islander","N/A","N/A","N/A","N/A","*"
"Ridgefield School District","Two or More Races","N/A","*","*","*","*"
"Ridgefield School District","White",96.5,98.8,97.1,98.1,97.2
"Rocky Hill School District","Black","*","*",100.0,"*",78.6
"Rocky Hill School District","Hispanic","*","*",66.7,93.3,88.2
"Rocky Hill School District","Indian or Alaska Native","N/A","*","N/A","N/A","*"
"Rocky Hill School District","Asian",100.0,100.0,100.0,78.6,100.0
"Rocky Hill School District","Hawaiian or Pacific Islander","N/A","N/A","N/A","N/A","*"
"Rocky Hill School District","Two or More Races","N/A","N/A","N/A","*","*"
"Rocky Hill School District","White",92.9,94.5,89.4,92.5,93.3
"Seymour School District","Black","*","*","*","*",90.0
"Seymour School District","Hispanic",71.4,75.0,78.3,69.2,78.9
"Seymour School District","Indian or Alaska Native","*","N/A","N/A","N/A","*"
"Seymour School District","Asian",100.0,"*","*","*","*"
"Seymour School District","Hawaiian or Pacific Islander","N/A","N/A","N/A","N/A","*"
"Seymour School District","Two or More Races","N/A","N/A","N/A","N/A","*"
"Seymour School District","White",84.7,87.6,86.4,87.8,90.4
"Shelton School District","Black","*","*",80.0,76.9,100.0
"Shelton School District","Hispanic",71.4,74.2,80.5,77.8,86.4
"Shelton School District","Indian or Alaska Native","*","*","*","*","*"
"Shelton School District","Asian",100.0,100.0,100.0,100.0,100.0
"Shelton School District","Hawaiian or Pacific Islander","N/A","N/A","N/A","N/A","*"
"Shelton School District","Two or More Races","N/A","N/A","*","*","*"
"Shelton School District","White",88.8,93.6,91.7,93.0,94.0
"Simsbury School District","Black",88.2,"*",100.0,"*",92.3
"Simsbury School District","Hispanic",83.3,95.7,94.4,81.0,89.5
"Simsbury School District","Indian or Alaska Native","N/A","N/A","N/A","N/A","*"
"Simsbury School District","Asian",100.0,100.0,"*",94.4,100.0
"Simsbury School District","Hawaiian or Pacific Islander","N/A","N/A","N/A","N/A","*"
"Simsbury School District","Two or More Races","N/A","*","*","*","*"
"Simsbury School District","White",95.5,96.2,97.5,95.0,95.7
"Somers School District","Black","*","*","*","*","*"
"Somers School District","Hispanic","*","*",85.7,"*",100.0
"Somers School District","Indian or Alaska Native","N/A","*","*","*","*"
"Somers School District","Asian","*","*","*","*","*"
"Somers School District","Hawaiian or Pacific Islander","N/A","N/A","N/A","N/A","*"
"Somers School District","Two or More Races","N/A","*","*","*","*"
"Somers School District","White",95.0,96.1,96.9,96.8,93.9
"South Windsor School District","Black",90.5,95.5,94.4,"*",91.7
"South Windsor School District","Hispanic",68.0,"*",96.0,90.0,87.0
"South Windsor School District","Indian or Alaska Native","N/A","*","*","N/A","*"
"South Windsor School District","Asian",90.0,89.7,87.2,95.8,97.2
"South Windsor School District","Hawaiian or Pacific Islander","N/A","N/A","*","*","*"
"South Windsor School District","Two or More Races","N/A","N/A",100.0,100.0,"*"
"South Windsor School District","White",92.6,95.5,94.9,93.5,92.1
"Southington School District","Black","*","*",70.6,91.7,"*"
"Southington School District","Hispanic",84.2,100.0,77.8,93.1,85.3
"Southington School District","Indian or Alaska Native","*","*","N/A","N/A","*"
"Southington School District","Asian",94.1,91.3,"*",93.8,100.0
"Southington School District","Hawaiian or Pacific Islander","N/A","N/A","N/A","N/A","*"
"Southington School District","Two or More Races","N/A","N/A","*",81.8,100.0
"Southington School District","White",90.9,91.9,92.3,93.7,93.6
"Stafford School District","Black","*","*","N/A","*","*"
"Stafford School District","Hispanic","*","*","*","*","*"
"Stafford School District","Indian or Alaska Native","N/A","N/A","N/A","N/A","*"
"Stafford School District","Asian","*","*","N/A","*","*"
"Stafford School District","Hawaiian or Pacific Islander","N/A","N/A","N/A","N/A","*"
"Stafford School District","Two or More Races","N/A","*","*","*","*"
"Stafford School District","White",77.0,87.4,86.7,92.9,93.1
"Stamford Academy District","Black",35.1,51.7,31.6,32.4,37.9
"Stamford Academy District","Hispanic","*","*","*","*","*"
"Stamford Academy District","Indian or Alaska Native","N/A","N/A","N/A","N/A","*"
"Stamford Academy District","Asian","*","N/A","N/A","N/A","*"
"Stamford Academy District","Hawaiian or Pacific Islander","N/A","N/A","N/A","N/A","*"
"Stamford Academy District","Two or More Races","N/A","N/A","N/A","N/A","*"
"Stamford Academy District","White","*","*","*","*","*"
"Stamford School District","Black",81.1,81.7,87.6,88.1,84.6
"Stamford School District","Hispanic",78.8,76.1,81.2,80.9,81.6
"Stamford School District","Indian or Alaska Native","*","N/A","N/A","N/A","*"
"Stamford School District","Asian","*","*","*",95.5,97.3
"Stamford School District","Hawaiian or Pacific Islander","N/A","N/A","N/A","N/A","*"
"Stamford School District","Two or More Races","N/A","*","*",87.5,"*"
"Stamford School District","White",90.9,93.4,95.0,95.2,93.2
"Stonington School District","Black","*","N/A","*",80.0,"*"
"Stonington School District","Hispanic","*","*","*","*",85.7
"Stonington School District","Indian or Alaska Native","*","N/A","N/A","*","*"
"Stonington School District","Asian","*","N/A",100.0,100.0,100.0
"Stonington School District","Hawaiian or Pacific Islander","N/A","N/A","N/A","N/A","*"
"Stonington School District","Two or More Races","N/A","N/A","N/A","N/A","*"
"Stonington School District","White",94.4,"*",95.5,93.7,90.5
"Stratford School District","Black",84.9,84.7,84.1,87.0,90.8
"Stratford School District","Hispanic",85.0,80.0,87.4,92.1,89.8
"Stratford School District","Indian or Alaska Native","*","*","*","*","*"
"Stratford School District","Asian","*",85.7,100.0,90.9,100.0
"Stratford School District","Hawaiian or Pacific Islander","N/A","N/A","N/A","N/A","*"
"Stratford School District","Two or More Races","N/A","*","*","*",84.6
"Stratford School District","White",90.2,91.2,91.5,93.9,93.6
"Suffield School District","Black","*","*","*",100.0,100.0
"Suffield School District","Hispanic","*",100.0,"*",85.7,85.7
"Suffield School District","Indian or Alaska Native","N/A","N/A","N/A","*","*"
"Suffield School District","Asian","*","*","*","*","*"
"Suffield School District","Hawaiian or Pacific Islander","N/A","N/A","N/A","N/A","*"
"Suffield School District","Two or More Races","N/A","N/A","N/A","N/A","*"
"Suffield School District","White",94.6,91.9,94.0,95.4,95.9
"The Bridge Academy District","Black",88.9,83.3,88.9,88.2,84.2
"The Bridge Academy District","Hispanic","*","*","*",81.8,91.7
"The Bridge Academy District","Indian or Alaska Native","*","N/A","N/A","N/A","*"
"The Bridge Academy District","Asian","N/A","N/A","N/A","*","*"
"The Bridge Academy District","Hawaiian or Pacific Islander","N/A","N/A","N/A","*","*"
"The Bridge Academy District","Two or More Races","N/A","*","*","*","*"
"The Bridge Academy District","White","N/A","N/A","N/A","N/A","*"
"The Gilbert School District","Black","*","*","*","*","*"
"The Gilbert School District","Hispanic","*",100.0,72.7,84.6,90.9
"The Gilbert School District","Indian or Alaska Native","N/A","N/A","N/A","N/A","*"
"The Gilbert School District","Asian","*","N/A","*","*",87.5
"The Gilbert School District","Hawaiian or Pacific Islander","N/A","N/A","N/A","N/A","*"
"The Gilbert School District","Two or More Races","N/A","*","*","*","*"
"The Gilbert School District","White",76.5,89.7,74.4,86.8,89.4
"Thomaston School District","Black","N/A","N/A","*","N/A","*"
"Thomaston School District","Hispanic","*","*","*","*","*"
"Thomaston School District","Indian or Alaska Native","*","N/A","N/A","N/A","*"
"Thomaston School District","Asian","N/A","*","*","N/A","*"
"Thomaston School District","Hawaiian or Pacific Islander","N/A","N/A","N/A","N/A","*"
"Thomaston School District","Two or More Races","N/A","N/A","N/A","N/A","*"
"Thomaston School District","White",92.0,92.0,92.0,"*",96.7
"Thompson School District","Black","N/A","*","N/A","N/A","*"
"Thompson School District","Hispanic","*","*","*","*","*"
"Thompson School District","Indian or Alaska Native","N/A","*","N/A","*","*"
"Thompson School District","Asian","N/A","N/A","N/A","N/A","*"
"Thompson School District","Hawaiian or Pacific Islander","N/A","N/A","N/A","N/A","*"
"Thompson School District","Two or More Races","N/A","N/A","*","N/A","*"
"Thompson School District","White","*",86.5,90.4,90.5,92.3
"Tolland School District","Black","*","*","*","*","*"
"Tolland School District","Hispanic","*","*","*","*","*"
"Tolland School District","Indian or Alaska Native","N/A","N/A","*","N/A","*"
"Tolland School District","Asian","*",100.0,100.0,90.9,100.0
"Tolland School District","Hawaiian or Pacific Islander","N/A","N/A","N/A","N/A","*"
"Tolland School District","Two or More Races","N/A","N/A","N/A","N/A","*"
"Tolland School District","White",92.2,96.8,93.4,91.0,94.9
"Torrington School District","Black",82.4,83.3,93.3,83.3,81.8
"Torrington School District","Hispanic",60.0,67.4,86.0,88.2,76.3
"Torrington School District","Indian or Alaska Native","*","*","*","*","*"
"Torrington School District","Asian","*",100.0,100.0,100.0,100.0
"Torrington School District","Hawaiian or Pacific Islander","N/A","N/A","N/A","N/A","*"
"Torrington School District","Two or More Races","N/A","*","*","*",90.9
"Torrington School District","White",79.4,80.6,81.9,82.2,85.1
"Trumbull School District","Black",100.0,97.1,96.4,100.0,93.9
"Trumbull School District","Hispanic",96.6,97.4,91.8,89.6,93.9
"Trumbull School District","Indian or Alaska Native","N/A","N/A","N/A","*","*"
"Trumbull School District","Asian",96.0,92.9,100.0,92.9,100.0
"Trumbull School District","Hawaiian or Pacific Islander","N/A","N/A","N/A","N/A","*"
"Trumbull School District","Two or More Races","N/A","N/A","N/A","*","*"
"Trumbull School District","White",97.8,97.5,98.5,96.6,98.8
"Unified School District #1","Black","*","*","*","*",3.0
"Unified School District #1","Hispanic","*","*","*","*","*"
"Unified School District #1","Indian or Alaska Native","N/A","*","N/A","N/A","*"
"Unified School District #1","Asian","*","*","*","N/A","*"
"Unified School District #1","Hawaiian or Pacific Islander","N/A","N/A","N/A","N/A","*"
"Unified School District #1","Two or More Races","N/A","*","*","*","*"
"Unified School District #1","White","*","*","*","*","*"
"Unified School District #2","Black",38.1,"*","*",29.4,"*"
"Unified School District #2","Hispanic","*","*","*","*","*"
"Unified School District #2","Indian or Alaska Native","*","N/A","N/A","N/A","*"
"Unified School District #2","Asian","*","N/A","*","*","*"
"Unified School District #2","Hawaiian or Pacific Islander","N/A","N/A","N/A","N/A","*"
"Unified School District #2","Two or More Races","N/A","*","*","N/A","*"
"Unified School District #2","White","*","*","*","*","*"
"Vernon School District","Black",75.8,69.4,76.7,76.7,70.0
"Vernon School District","Hispanic",76.2,60.0,"*",76.9,73.3
"Vernon School District","Indian or Alaska Native","*","N/A","*","N/A","*"
"Vernon School District","Asian","*",100.0,"*",83.3,"*"
"Vernon School District","Hawaiian or Pacific Islander","N/A","N/A","N/A","N/A","*"
"Vernon School District","Two or More Races","N/A","N/A","N/A","N/A","*"
"Vernon School District","White",83.0,85.4,82.8,84.0,89.9
"Wallingford School District","Black",75.0,"*","*",81.3,82.4
"Wallingford School District","Hispanic",74.5,87.5,81.4,84.7,84.9
"Wallingford School District","Indian or Alaska Native","N/A","N/A","N/A","*","*"
"Wallingford School District","Asian",89.5,95.5,85.0,94.4,95.0
"Wallingford School District","Hawaiian or Pacific Islander","N/A","N/A","N/A","*","*"
"Wallingford School District","Two or More Races","N/A","*","*","N/A","*"
"Wallingford School District","White",88.5,92.9,92.5,92.7,94.6
"Waterbury School District","Black",70.5,63.5,66.0,72.0,71.3
"Waterbury School District","Hispanic",54.8,54.4,60.3,58.9,64.0
"Waterbury School District","Indian or Alaska Native","*","*","*","*","*"
"Waterbury School District","Asian","*",76.0,93.1,76.9,78.9
"Waterbury School District","Hawaiian or Pacific Islander","N/A","N/A","N/A","*","*"
"Waterbury School District","Two or More Races","N/A","*","*",82.4,75.0
"Waterbury School District","White",75.3,75.3,75.6,80.5,77.1
"Waterford School District","Black","*","*",87.5,75.0,100.0
"Waterford School District","Hispanic",75.0,88.2,82.4,80.0,86.7
"Waterford School District","Indian or Alaska Native","*","*","*","*","*"
"Waterford School District","Asian",100.0,100.0,"*",100.0,100.0
"Waterford School District","Hawaiian or Pacific Islander","N/A","N/A","N/A","N/A","*"
"Waterford School District","Two or More Races","N/A","N/A","N/A","*","*"
"Waterford School District","White",91.9,92.1,92.3,94.2,93.2
"Watertown School District","Black","*","*","*","*","*"
"Watertown School District","Hispanic","*","*","*",86.7,"*"
"Watertown School District","Indian or Alaska Native","*","*","*","N/A","*"
"Watertown School District","Asian","*","*","*",100.0,100.0
"Watertown School District","Hawaiian or Pacific Islander","N/A","N/A","N/A","N/A","*"
"Watertown School District","Two or More Races","N/A","*","*","*","*"
"Watertown School District","White",88.4,91.6,87.4,92.8,89.3
"West Hartford School District","Black",78.5,86.6,89.4,94.4,89.5
"West Hartford School District","Hispanic",77.5,82.7,83.5,90.3,87.1
"West Hartford School District","Indian or Alaska Native","*","*","*","*","*"
"West Hartford School District","Asian","*",97.3,92.4,97.5,94.7
"West Hartford School District","Hawaiian or Pacific Islander","N/A","N/A","N/A","N/A","*"
"West Hartford School District","Two or More Races","N/A","*","*","*",88.2
"West Hartford School District","White",95.1,96.4,96.8,94.4,95.8
"West Haven School District","Black",64.6,70.2,75.5,74.8,76.6
"West Haven School District","Hispanic",57.1,70.5,60.5,76.3,77.7
"West Haven School District","Indian or Alaska Native","*","*","*","*","*"
"West Haven School District","Asian","*",80.0,80.0,90.0,93.8
"West Haven School District","Hawaiian or Pacific Islander","N/A","N/A","N/A","*","*"
"West Haven School District","Two or More Races","N/A","*","*",73.3,70.0
"West Haven School District","White",72.3,73.2,70.5,69.9,76.9
"Westbrook School District","Black","N/A","N/A","N/A","N/A","*"
"Westbrook School District","Hispanic","*","*","*","*","*"
"Westbrook School District","Indian or Alaska Native","N/A","N/A","N/A","N/A","*"
"Westbrook School District","Asian","*","*","*","*","*"
"Westbrook School District","Hawaiian or Pacific Islander","N/A","N/A","N/A","N/A","*"
"Westbrook School District","Two or More Races","N/A","N/A","N/A","*","*"
"Westbrook School District","White",94.4,91.1,96.0,95.5,98.6
"Weston School District","Black","*","*","*","*","*"
"Weston School District","Hispanic","*",100.0,"*","*","*"
"Weston School District","Indian or Alaska Native","*","N/A","N/A","N/A","*"
"Weston School District","Asian",100.0,"*","*","*","*"
"Weston School District","Hawaiian or Pacific Islander","N/A","N/A","N/A","N/A","*"
"Weston School District","Two or More Races","N/A","*","*","*","*"
"Weston School District","White",98.9,99.4,99.0,97.0,96.8
"Westport School District","Black","*",85.7,"*",100.0,100.0
"Westport School District","Hispanic","*",95.0,87.5,93.8,100.0
"Westport School District","Indian or Alaska Native","N/A","*","N/A","*","*"
"Westport School District","Asian",100.0,100.0,100.0,100.0,95.0
"Westport School District","Hawaiian or Pacific Islander","N/A","N/A","*","N/A","*"
"Westport School District","Two or More Races","N/A","*","N/A","*","*"
"Westport School District","White",96.8,98.1,98.8,97.8,98.8
"Wethersfield School District","Black",100.0,88.2,84.6,83.3,75.0
"Wethersfield School District","Hispanic",71.8,77.8,68.9,86.7,84.1
"Wethersfield School District","Indian or Alaska Native","*","N/A","N/A","*","*"
"Wethersfield School District","Asian","*",100.0,"*",91.7,90.0
"Wethersfield School District","Hawaiian or Pacific Islander","N/A","N/A","N/A","N/A","*"
"Wethersfield School District","Two or More Races","N/A","N/A","*","*","*"
"Wethersfield School District","White",93.2,92.0,95.1,93.2,93.2
"Wilton School District","Black","*","*","*","*","*"
"Wilton School District","Hispanic","*","*",100.0,"*",100.0
"Wilton School District","Indian or Alaska Native","N/A","N/A","N/A","N/A","*"
"Wilton School District","Asian",100.0,100.0,100.0,95.0,91.3
"Wilton School District","Hawaiian or Pacific Islander","N/A","N/A","N/A","N/A","*"
"Wilton School District","Two or More Races","N/A","N/A","*","*","*"
"Wilton School District","White",97.6,97.9,95.5,97.4,96.6
"Windham School District","Black",75.0,100.0,85.7,66.7,"*"
"Windham School District","Hispanic",45.7,60.2,65.3,67.6,78.8
"Windham School District","Indian or Alaska Native","*","*","N/A","N/A","*"
"Windham School District","Asian","*","*","*","*","*"
"Windham School District","Hawaiian or Pacific Islander","N/A","N/A","N/A","N/A","*"
"Windham School District","Two or More Races","N/A","N/A","*","*","*"
"Windham School District","White",77.1,83.6,84.3,83.1,89.2
"Windsor Locks School District","Black",72.2,92.3,"*","*",90.9
"Windsor Locks School District","Hispanic","*",80.0,"*",83.3,81.8
"Windsor Locks School District","Indian or Alaska Native","N/A","N/A","N/A","*","*"
"Windsor Locks School District","Asian","*",93.3,100.0,100.0,100.0
"Windsor Locks School District","Hawaiian or Pacific Islander","N/A","N/A","N/A","N/A","*"
"Windsor Locks School District","Two or More Races","N/A","N/A","N/A","N/A","*"
"Windsor Locks School District","White",85.4,91.8,92.7,91.3,86.3
"Windsor School District","Black",79.8,81.7,81.6,88.9,88.5
"Windsor School District","Hispanic",75.0,77.3,65.4,92.1,78.8
"Windsor School District","Indian or Alaska Native","*","N/A","N/A","N/A","*"
"Windsor School District","Asian","*","*",88.9,"*",93.3
"Windsor School District","Hawaiian or Pacific Islander","N/A","N/A","N/A","N/A","*"
"Windsor School District","Two or More Races","N/A","*",100.0,"*",77.8
"Windsor School District","White",90.9,93.0,87.1,91.7,90.6
"Wolcott School District","Black","*","*","*","*","*"
"Wolcott School District","Hispanic",100.0,84.6,77.8,87.5,"*"
"Wolcott School District","Indian or Alaska Native","N/A","N/A","N/A","*","*"
"Wolcott School District","Asian","*","*","*",100.0,"*"
"Wolcott School District","Hawaiian or Pacific Islander","N/A","*","*","N/A","*"
"Wolcott School District","Two or More Races","N/A","N/A","*",100.0,"*"
"Wolcott School District","White",92.0,93.9,96.0,96.2,97.0
"Woodstock Academy District","Black","*","N/A","*","*","*"
"Woodstock Academy District","Hispanic",100.0,"*",100.0,"*",100.0
"Woodstock Academy District","Indian or Alaska Native","N/A","N/A","*","N/A","*"
"Woodstock Academy District","Asian","*","*",88.2,87.9,96.7
"Woodstock Academy District","Hawaiian or Pacific Islander","N/A","N/A","N/A","N/A","*"
"Woodstock Academy District","Two or More Races","N/A","N/A","*","N/A","*"
"Woodstock Academy District","White",94.4,96.3,95.3,96.1,99.2

