"Four-Year Graduation Rates, 2010-11"
"All Districts, Race/Ethnicity"

"",,,"Graduates",,"Non-Graduates",,,
"District","Race/Ethnicity","Four-Year Cohort Count","Graduation Count","Graduation Rate","Still Enrolled Count","Still Enrolled Rate","Other Count","Other Rate"
"Amistad Academy District","Black",15,9,60.0,"*","*","*","*"
"Amistad Academy District","Hispanic",14,8,57.1,"*","*","*","*"
"Ansonia School District","Black",51,37,72.5,"*","*",9,17.6
"Ansonia School District","Hispanic",40,23,57.5,9,22.5,8,20.0
"Ansonia School District","Asian","*","*","*","*","*","*","*"
"Ansonia School District","Indian or Alaska Native","*","*","*","*","*","*","*"
"Ansonia School District","White",91,67,73.6,8,8.8,16,17.6
"Avon School District","Black","*","*","*","*","*","*","*"
"Avon School District","Hispanic",14,13,92.9,"*","*","*","*"
"Avon School District","Asian",19,18,94.7,"*","*","*","*"
"Avon School District","Indian or Alaska Native","*","*","*","*","*","*","*"
"Avon School District","White",212,204,96.2,7,3.3,"*","*"
"Berlin School District","Black","*","*","*","*","*","*","*"
"Berlin School District","Hispanic",6,"*","*","*","*","*","*"
"Berlin School District","Asian",9,9,100.0,"*","*","*","*"
"Berlin School District","Indian or Alaska Native","*","*","*","*","*","*","*"
"Berlin School District","White",244,229,93.9,"*","*",12,4.9
"Bethel School District","Black",6,"*","*","*","*","*","*"
"Bethel School District","Hispanic",21,19,90.5,"*","*","*","*"
"Bethel School District","Asian",17,"*","*","*","*","*","*"
"Bethel School District","White",206,191,92.7,11,5.3,"*","*"
"Bloomfield School District","Black",169,129,76.3,23,13.6,17,10.1
"Bloomfield School District","Hispanic","*","*","*","*","*","*","*"
"Bloomfield School District","Asian","*","*","*","*","*","*","*"
"Bloomfield School District","White",7,"*","*","*","*","*","*"
"Bolton School District","Black","*","*","*","*","*","*","*"
"Bolton School District","Hispanic","*","*","*","*","*","*","*"
"Bolton School District","Indian or Alaska Native","*","*","*","*","*","*","*"
"Bolton School District","White",68,65,95.6,"*","*","*","*"
"Branford School District","Black",10,9,90.0,"*","*","*","*"
"Branford School District","Hispanic","*","*","*","*","*","*","*"
"Branford School District","Asian",19,18,94.7,"*","*","*","*"
"Branford School District","Indian or Alaska Native","*","*","*","*","*","*","*"
"Branford School District","White",245,230,93.9,8,3.3,7,2.9
"Bridgeport School District","Black",667,449,67.3,80,12.0,138,20.7
"Bridgeport School District","Hispanic",620,313,50.5,87,14.0,220,35.5
"Bridgeport School District","Asian","*","*","*","*","*","*","*"
"Bridgeport School District","Indian or Alaska Native","*","*","*","*","*","*","*"
"Bridgeport School District","White",114,77,67.5,19,16.7,18,15.8
"Bristol School District","Black",51,31,60.8,10,19.6,10,19.6
"Bristol School District","Hispanic",79,55,69.6,12,15.2,12,15.2
"Bristol School District","Asian","*","*","*","*","*","*","*"
"Bristol School District","Indian or Alaska Native","*","*","*","*","*","*","*"
"Bristol School District","White",566,448,79.2,45,8.0,73,12.9
"Brookfield School District","Black","*","*","*","*","*","*","*"
"Brookfield School District","Hispanic",8,8,100.0,"*","*","*","*"
"Brookfield School District","Asian","*","*","*","*","*","*","*"
"Brookfield School District","White",251,237,94.4,6,2.4,8,3.2
"Canton School District","Black","*","*","*","*","*","*","*"
"Canton School District","Hispanic","*","*","*","*","*","*","*"
"Canton School District","Asian","*","*","*","*","*","*","*"
"Canton School District","White",111,104,93.7,"*","*","*","*"
"Capitol Region Education Council","Black",132,115,87.1,6,4.5,11,8.3
"Capitol Region Education Council","Hispanic",61,42,68.9,6,9.8,13,21.3
"Capitol Region Education Council","Asian",13,9,69.2,"*","*","*","*"
"Capitol Region Education Council","White",93,84,90.3,"*","*","*","*"
"Cheshire School District","Black",14,12,85.7,"*","*","*","*"
"Cheshire School District","Hispanic",14,14,100.0,"*","*","*","*"
"Cheshire School District","Asian",24,24,100.0,"*","*","*","*"
"Cheshire School District","White",323,306,94.7,12,3.7,"*","*"
"Clinton School District","Black","*","*","*","*","*","*","*"
"Clinton School District","Hispanic",12,12,100.0,"*","*","*","*"
"Clinton School District","Asian","*","*","*","*","*","*","*"
"Clinton School District","White",126,115,91.3,8,6.3,"*","*"
"Colchester School District","Black",7,6,85.7,"*","*","*","*"
"Colchester School District","Hispanic",7,7,100.0,"*","*","*","*"
"Colchester School District","Asian","*","*","*","*","*","*","*"
"Colchester School District","Indian or Alaska Native","*","*","*","*","*","*","*"
"Colchester School District","White",230,214,93.0,12,5.2,"*","*"
"Common Ground High School District","Black",19,17,89.5,"*","*","*","*"
"Common Ground High School District","Hispanic",12,9,75.0,"*","*","*","*"
"Common Ground High School District","White",7,7,100.0,"*","*","*","*"
"Connecticut Technical High School System","Black",303,288,95.0,"*","*",15,5.0
"Connecticut Technical High School System","Hispanic",618,567,91.7,"*","*",50,8.1
"Connecticut Technical High School System","Asian",18,17,94.4,"*","*","*","*"
"Connecticut Technical High School System","Indian or Alaska Native",15,14,93.3,"*","*","*","*"
"Connecticut Technical High School System","White",1389,1303,93.8,11,0.8,75,5.4
"Coventry School District","Black","*","*","*","*","*","*","*"
"Coventry School District","Hispanic","*","*","*","*","*","*","*"
"Coventry School District","Asian","*","*","*","*","*","*","*"
"Coventry School District","White",145,131,90.3,7,4.8,7,4.8
"Cromwell School District","Black",13,12,92.3,"*","*","*","*"
"Cromwell School District","Hispanic","*","*","*","*","*","*","*"
"Cromwell School District","Asian","*","*","*","*","*","*","*"
"Cromwell School District","White",149,139,93.3,6,4.0,"*","*"
"Danbury School District","Black",84,64,76.2,9,10.7,11,13.1
"Danbury School District","Hispanic",229,162,70.7,28,12.2,39,17.0
"Danbury School District","Asian","*","*","*","*","*","*","*"
"Danbury School District","Indian or Alaska Native","*","*","*","*","*","*","*"
"Danbury School District","White",383,308,80.4,33,8.6,42,11.0
"Darien School District","Black","*","*","*","*","*","*","*"
"Darien School District","Hispanic",13,12,92.3,"*","*","*","*"
"Darien School District","Asian",6,6,100.0,"*","*","*","*"
"Darien School District","Indian or Alaska Native","*","*","*","*","*","*","*"
"Darien School District","White",304,291,95.7,7,2.3,6,2.0
"Derby School District","Black",22,"*","*","*","*",6,27.3
"Derby School District","Hispanic","*","*","*","*","*","*","*"
"Derby School District","Asian","*","*","*","*","*","*","*"
"Derby School District","White",80,60,75.0,8,10.0,12,15.0
"East Granby School District","Black","*","*","*","*","*","*","*"
"East Granby School District","Hispanic","*","*","*","*","*","*","*"
"East Granby School District","Asian","*","*","*","*","*","*","*"
"East Granby School District","White",71,68,95.8,"*","*","*","*"
"East Haddam School District","Black","*","*","*","*","*","*","*"
"East Haddam School District","Hispanic","*","*","*","*","*","*","*"
"East Haddam School District","Asian","*","*","*","*","*","*","*"
"East Haddam School District","White",92,86,93.5,"*","*",6,6.5
"East Hampton School District","Hispanic","*","*","*","*","*","*","*"
"East Hampton School District","Asian","*","*","*","*","*","*","*"
"East Hampton School District","White",133,121,91.0,"*","*",8,6.0
"East Hartford School District","Black",219,170,77.6,21,9.6,28,12.8
"East Hartford School District","Hispanic",187,139,74.3,22,11.8,26,13.9
"East Hartford School District","Asian","*","*","*","*","*","*","*"
"East Hartford School District","Indian or Alaska Native","*","*","*","*","*","*","*"
"East Hartford School District","White",161,138,85.7,9,5.6,14,8.7
"East Haven School District","Black",8,6,75.0,"*","*","*","*"
"East Haven School District","Hispanic",34,28,82.4,"*","*","*","*"
"East Haven School District","Asian",15,14,93.3,"*","*","*","*"
"East Haven School District","White",243,207,85.2,13,5.3,23,9.5
"East Lyme School District","Black","*","*","*","*","*","*","*"
"East Lyme School District","Hispanic",9,9,100.0,"*","*","*","*"
"East Lyme School District","Asian",22,20,90.9,"*","*","*","*"
"East Lyme School District","Indian or Alaska Native","*","*","*","*","*","*","*"
"East Lyme School District","White",288,278,96.5,"*","*","*","*"
"East Windsor School District","Black",15,12,80.0,"*","*","*","*"
"East Windsor School District","Hispanic","*","*","*","*","*","*","*"
"East Windsor School District","Asian","*","*","*","*","*","*","*"
"East Windsor School District","White",73,62,84.9,6,8.2,"*","*"
"Eastern Connecticut Regional Educational Service Center (EASTCONN)","Black","*","*","*","*","*","*","*"
"Eastern Connecticut Regional Educational Service Center (EASTCONN)","Hispanic",11,10,90.9,"*","*","*","*"
"Eastern Connecticut Regional Educational Service Center (EASTCONN)","Indian or Alaska Native","*","*","*","*","*","*","*"
"Eastern Connecticut Regional Educational Service Center (EASTCONN)","White",42,31,73.8,"*","*",8,19.0
"Ellington School District","Black","*","*","*","*","*","*","*"
"Ellington School District","Hispanic","*","*","*","*","*","*","*"
"Ellington School District","Asian","*","*","*","*","*","*","*"
"Ellington School District","Indian or Alaska Native","*","*","*","*","*","*","*"
"Ellington School District","White",171,162,94.7,"*","*",6,3.5
"Enfield School District","Black",30,22,73.3,"*","*","*","*"
"Enfield School District","Hispanic",24,13,54.2,"*","*",8,33.3
"Enfield School District","Asian","*","*","*","*","*","*","*"
"Enfield School District","Indian or Alaska Native","*","*","*","*","*","*","*"
"Enfield School District","White",456,378,82.9,39,8.6,39,8.6
"Explorations District","Hispanic","*","*","*","*","*","*","*"
"Explorations District","Asian","*","*","*","*","*","*","*"
"Explorations District","White",31,17,54.8,7,22.6,7,22.6
"Fairfield School District","Black",33,29,87.9,"*","*","*","*"
"Fairfield School District","Hispanic",38,28,73.7,"*","*",6,15.8
"Fairfield School District","Asian",34,33,97.1,"*","*","*","*"
"Fairfield School District","White",551,522,94.7,18,3.3,11,2.0
"Farmington School District","Black",22,"*","*","*","*","*","*"
"Farmington School District","Hispanic",8,"*","*","*","*","*","*"
"Farmington School District","Asian",21,21,100.0,"*","*","*","*"
"Farmington School District","White",287,277,96.5,"*","*",7,2.4
"Glastonbury School District","Black",23,21,91.3,"*","*","*","*"
"Glastonbury School District","Hispanic","*","*","*","*","*","*","*"
"Glastonbury School District","Asian",48,47,97.9,"*","*","*","*"
"Glastonbury School District","Indian or Alaska Native","*","*","*","*","*","*","*"
"Glastonbury School District","White",464,447,96.3,10,2.2,6,1.3
"Granby School District","Black","*","*","*","*","*","*","*"
"Granby School District","Hispanic","*","*","*","*","*","*","*"
"Granby School District","Asian","*","*","*","*","*","*","*"
"Granby School District","Indian or Alaska Native","*","*","*","*","*","*","*"
"Granby School District","White",184,179,97.3,"*","*","*","*"
"Greenwich School District","Black","*","*","*","*","*","*","*"
"Greenwich School District","Hispanic",94,85,90.4,6,6.4,"*","*"
"Greenwich School District","Asian",44,41,93.2,"*","*","*","*"
"Greenwich School District","Indian or Alaska Native","*","*","*","*","*","*","*"
"Greenwich School District","White",473,454,96.0,15,3.2,"*","*"
"Griswold School District","Black","*","*","*","*","*","*","*"
"Griswold School District","Hispanic",6,"*","*","*","*","*","*"
"Griswold School District","Asian","*","*","*","*","*","*","*"
"Griswold School District","Indian or Alaska Native",7,"*","*","*","*","*","*"
"Griswold School District","White",181,150,82.9,10,5.5,21,11.6
"Groton School District","Black",49,38,77.6,"*","*",9,18.4
"Groton School District","Hispanic",35,24,68.6,"*","*",8,22.9
"Groton School District","Asian","*","*","*","*","*","*","*"
"Groton School District","Indian or Alaska Native","*","*","*","*","*","*","*"
"Groton School District","White",225,187,83.1,6,2.7,32,14.2
"Guilford School District","Black","*","*","*","*","*","*","*"
"Guilford School District","Hispanic",12,11,91.7,"*","*","*","*"
"Guilford School District","Asian","*","*","*","*","*","*","*"
"Guilford School District","White",251,238,94.8,"*","*",9,3.6
"Hamden School District","Black",213,158,74.2,20,9.4,35,16.4
"Hamden School District","Hispanic",68,51,75.0,"*","*","*","*"
"Hamden School District","Asian",24,22,91.7,"*","*","*","*"
"Hamden School District","White",281,257,91.5,11,3.9,13,4.6
"Hartford School District","Black",662,468,70.7,63,9.5,131,19.8
"Hartford School District","Hispanic",790,422,53.4,109,13.8,258,32.7
"Hartford School District","Asian","*","*","*",7,21.2,"*","*"
"Hartford School District","Indian or Alaska Native","*","*","*","*","*","*","*"
"Hartford School District","White",114,99,86.8,"*","*",11,9.6
"Killingly School District","Black","*","*","*","*","*","*","*"
"Killingly School District","Hispanic",6,"*","*","*","*","*","*"
"Killingly School District","Asian",6,"*","*","*","*","*","*"
"Killingly School District","Indian or Alaska Native","*","*","*","*","*","*","*"
"Killingly School District","White",180,130,72.2,13,7.2,37,20.6
"Lebanon School District","Hispanic","*","*","*","*","*","*","*"
"Lebanon School District","White","*","*","*","*","*","*","*"
"Ledyard School District","Black",12,7,58.3,"*","*","*","*"
"Ledyard School District","Hispanic",19,16,84.2,"*","*","*","*"
"Ledyard School District","Asian",13,13,100.0,"*","*","*","*"
"Ledyard School District","Indian or Alaska Native",8,6,75.0,"*","*","*","*"
"Ledyard School District","White",183,169,92.3,"*","*",9,4.9
"Lisbon School District","White","*","*","*","*","*","*","*"
"Litchfield School District","Black","*","*","*","*","*","*","*"
"Litchfield School District","Hispanic","*","*","*","*","*","*","*"
"Litchfield School District","Indian or Alaska Native","*","*","*","*","*","*","*"
"Litchfield School District","White",90,84,93.3,"*","*","*","*"
"Madison School District","Black","*","*","*","*","*","*","*"
"Madison School District","Hispanic","*","*","*","*","*","*","*"
"Madison School District","Asian",14,14,100.0,"*","*","*","*"
"Madison School District","Indian or Alaska Native","*","*","*","*","*","*","*"
"Madison School District","White",291,281,96.6,"*","*",7,2.4
"Manchester School District","Black",99,69,69.7,"*","*","*","*"
"Manchester School District","Hispanic",114,64,56.1,15,13.2,35,30.7
"Manchester School District","Asian",34,31,91.2,"*","*","*","*"
"Manchester School District","White",287,216,75.3,31,10.8,40,13.9
"Meriden School District","Black",88,59,67.0,13,14.8,16,18.2
"Meriden School District","Hispanic",249,146,58.6,23,9.2,80,32.1
"Meriden School District","Asian","*","*","*","*","*","*","*"
"Meriden School District","Indian or Alaska Native","*","*","*","*","*","*","*"
"Meriden School District","White",284,228,80.3,18,6.3,38,13.4
"Middletown School District","Black",86,55,64.0,16,18.6,15,17.4
"Middletown School District","Hispanic",29,19,65.5,"*","*",8,27.6
"Middletown School District","Asian","*","*","*","*","*","*","*"
"Middletown School District","Indian or Alaska Native","*","*","*","*","*","*","*"
"Middletown School District","White",218,181,83.0,18,8.3,19,8.7
"Milford School District","Black",17,15,88.2,"*","*","*","*"
"Milford School District","Hispanic",30,21,70.0,6,20.0,"*","*"
"Milford School District","Asian","*","*","*","*","*","*","*"
"Milford School District","Indian or Alaska Native","*","*","*","*","*","*","*"
"Milford School District","White",432,383,88.7,32,7.4,17,3.9
"Monroe School District","Black",12,12,100.0,"*","*","*","*"
"Monroe School District","Hispanic",17,17,100.0,"*","*","*","*"
"Monroe School District","Asian",15,15,100.0,"*","*","*","*"
"Monroe School District","White",323,312,96.6,11,3.4,"*","*"
"Montville School District","Black","*","*","*","*","*","*","*"
"Montville School District","Hispanic",18,13,72.2,"*","*","*","*"
"Montville School District","Asian",14,13,92.9,"*","*","*","*"
"Montville School District","Indian or Alaska Native","*","*","*","*","*","*","*"
"Montville School District","White",157,132,84.1,8,5.1,17,10.8
"Naugatuck School District","Black",38,31,81.6,"*","*","*","*"
"Naugatuck School District","Hispanic",35,25,71.4,"*","*",6,17.1
"Naugatuck School District","Asian",11,11,100.0,"*","*","*","*"
"Naugatuck School District","White",286,239,83.6,15,5.2,32,11.2
"New Britain School District","Black",134,74,55.2,31,23.1,29,21.6
"New Britain School District","Hispanic",422,185,43.8,84,19.9,153,36.3
"New Britain School District","Asian","*","*","*","*","*","*","*"
"New Britain School District","Indian or Alaska Native","*","*","*","*","*","*","*"
"New Britain School District","White",182,115,63.2,28,15.4,39,21.4
"New Canaan School District","Black","*","*","*","*","*","*","*"
"New Canaan School District","Hispanic","*","*","*","*","*","*","*"
"New Canaan School District","Asian",8,7,87.5,"*","*","*","*"
"New Canaan School District","White",292,285,97.6,6,2.1,"*","*"
"New Fairfield School District","Hispanic",9,6,66.7,"*","*","*","*"
"New Fairfield School District","Asian",6,6,100.0,"*","*","*","*"
"New Fairfield School District","White",226,207,91.6,10,4.4,8,3.5
"New Haven School District","Black",753,495,65.7,99,13.1,159,21.1
"New Haven School District","Hispanic",486,260,53.5,46,9.5,180,37.0
"New Haven School District","Asian","*","*","*","*","*","*","*"
"New Haven School District","Indian or Alaska Native","*","*","*","*","*","*","*"
"New Haven School District","White",197,160,81.2,13,6.6,24,12.2
"New London School District","Black",84,57,67.9,14,16.7,13,15.5
"New London School District","Hispanic",102,58,56.9,20,19.6,24,23.5
"New London School District","Asian","*","*","*","*","*","*","*"
"New London School District","Indian or Alaska Native","*","*","*","*","*","*","*"
"New London School District","White",66,43,65.2,11,16.7,12,18.2
"New Milford School District","Black",7,6,85.7,"*","*","*","*"
"New Milford School District","Hispanic",21,17,81.0,"*","*","*","*"
"New Milford School District","Asian",17,14,82.4,"*","*","*","*"
"New Milford School District","White",358,314,87.7,14,3.9,30,8.4
"Newington School District","Black",27,19,70.4,7,25.9,"*","*"
"Newington School District","Hispanic",29,22,75.9,"*","*","*","*"
"Newington School District","Asian",26,24,92.3,"*","*","*","*"
"Newington School District","White",331,281,84.9,29,8.8,21,6.3
"Newtown School District","Black","*","*","*","*","*","*","*"
"Newtown School District","Hispanic",16,15,93.8,"*","*","*","*"
"Newtown School District","Asian","*","*","*","*","*","*","*"
"Newtown School District","White",413,388,93.9,9,2.2,16,3.9
"North Branford School District","Black","*","*","*","*","*","*","*"
"North Branford School District","Hispanic","*","*","*","*","*","*","*"
"North Branford School District","Asian","*","*","*","*","*","*","*"
"North Branford School District","White",186,175,94.1,"*","*",9,4.8
"North Haven School District","Black",26,22,84.6,"*","*","*","*"
"North Haven School District","Hispanic",14,11,78.6,"*","*","*","*"
"North Haven School District","Asian",11,10,90.9,"*","*","*","*"
"North Haven School District","White",255,225,88.2,12,4.7,18,7.1
"North Stonington School District","Hispanic","*","*","*","*","*","*","*"
"North Stonington School District","Asian","*","*","*","*","*","*","*"
"North Stonington School District","Indian or Alaska Native","*","*","*","*","*","*","*"
"North Stonington School District","White",60,54,90.0,"*","*","*","*"
"Norwalk School District","Black",261,213,81.6,23,8.8,25,9.6
"Norwalk School District","Hispanic",263,205,77.9,25,9.5,33,12.5
"Norwalk School District","Asian","*","*","*","*","*","*","*"
"Norwalk School District","Indian or Alaska Native","*","*","*","*","*","*","*"
"Norwalk School District","White",338,303,89.6,10,3.0,25,7.4
"Norwich Free Academy District","Black",92,67,72.8,"*","*",20,21.7
"Norwich Free Academy District","Hispanic",84,59,70.2,"*","*",21,25.0
"Norwich Free Academy District","Asian","*","*","*","*","*","*","*"
"Norwich Free Academy District","Indian or Alaska Native","*","*","*","*","*","*","*"
"Norwich Free Academy District","White",417,352,84.4,15,3.6,50,12.0
"Norwich School District","Black",12,"*","*","*","*",8,66.7
"Norwich School District","Hispanic","*","*","*","*","*","*","*"
"Norwich School District","Asian","*","*","*","*","*","*","*"
"Norwich School District","Indian or Alaska Native","*","*","*","*","*","*","*"
"Norwich School District","White",13,"*","*","*","*","*","*"
"Old Saybrook School District","Black","*","*","*","*","*","*","*"
"Old Saybrook School District","Hispanic","*","*","*","*","*","*","*"
"Old Saybrook School District","Asian",7,7,100.0,"*","*","*","*"
"Old Saybrook School District","Indian or Alaska Native","*","*","*","*","*","*","*"
"Old Saybrook School District","White",111,104,93.7,"*","*","*","*"
"Oxford School District","Black","*","*","*","*","*","*","*"
"Oxford School District","Hispanic","*","*","*","*","*","*","*"
"Oxford School District","Asian","*","*","*","*","*","*","*"
"Oxford School District","Indian or Alaska Native","*","*","*","*","*","*","*"
"Oxford School District","White",144,137,95.1,"*","*","*","*"
"Plainfield School District","Black","*","*","*","*","*","*","*"
"Plainfield School District","Hispanic","*","*","*","*","*","*","*"
"Plainfield School District","Asian","*","*","*","*","*","*","*"
"Plainfield School District","Indian or Alaska Native","*","*","*","*","*","*","*"
"Plainfield School District","White",215,185,86.0,11,5.1,19,8.8
"Plainville School District","Black",12,11,91.7,"*","*","*","*"
"Plainville School District","Hispanic","*","*","*","*","*","*","*"
"Plainville School District","Asian","*","*","*","*","*","*","*"
"Plainville School District","White",207,185,89.4,"*","*",17,8.2
"Plymouth School District","Black","*","*","*","*","*","*","*"
"Plymouth School District","Hispanic","*","*","*","*","*","*","*"
"Plymouth School District","Asian","*","*","*","*","*","*","*"
"Plymouth School District","White",135,122,90.4,9,6.7,"*","*"
"Portland School District","Black","*","*","*","*","*","*","*"
"Portland School District","Hispanic","*","*","*","*","*","*","*"
"Portland School District","White",94,78,83.0,"*","*",14,14.9
"Putnam School District","Black","*","*","*","*","*","*","*"
"Putnam School District","Hispanic","*","*","*","*","*","*","*"
"Putnam School District","Indian or Alaska Native","*","*","*","*","*","*","*"
"Putnam School District","White",65,52,80.0,6,9.2,7,10.8
"Regional School District 01","Hispanic","*","*","*","*","*","*","*"
"Regional School District 01","Asian","*","*","*","*","*","*","*"
"Regional School District 01","White",131,109,83.2,7,5.3,15,11.5
"Regional School District 04","Black","*","*","*","*","*","*","*"
"Regional School District 04","Hispanic","*","*","*","*","*","*","*"
"Regional School District 04","Asian",9,9,100.0,"*","*","*","*"
"Regional School District 04","White",154,134,87.0,"*","*",17,11.0
"Regional School District 05","Black",17,16,94.1,"*","*","*","*"
"Regional School District 05","Hispanic",13,11,84.6,"*","*","*","*"
"Regional School District 05","Asian",39,39,100.0,"*","*","*","*"
"Regional School District 05","White",340,312,91.8,14,4.1,14,4.1
"Regional School District 06","Black","*","*","*","*","*","*","*"
"Regional School District 06","Hispanic","*","*","*","*","*","*","*"
"Regional School District 06","Asian","*","*","*","*","*","*","*"
"Regional School District 06","White",100,88,88.0,"*","*",10,10.0
"Regional School District 07","Black","*","*","*","*","*","*","*"
"Regional School District 07","Hispanic","*","*","*","*","*","*","*"
"Regional School District 07","Asian","*","*","*","*","*","*","*"
"Regional School District 07","White",201,188,93.5,10,5.0,"*","*"
"Regional School District 08","Hispanic","*","*","*","*","*","*","*"
"Regional School District 08","Asian","*","*","*","*","*","*","*"
"Regional School District 08","White",256,217,84.8,21,8.2,18,7.0
"Regional School District 09","Black","*","*","*","*","*","*","*"
"Regional School District 09","Hispanic",12,12,100.0,"*","*","*","*"
"Regional School District 09","Asian","*","*","*","*","*","*","*"
"Regional School District 09","Indian or Alaska Native","*","*","*","*","*","*","*"
"Regional School District 09","White",201,191,95.0,10,5.0,"*","*"
"Regional School District 10","Black","*","*","*","*","*","*","*"
"Regional School District 10","Hispanic",6,"*","*","*","*","*","*"
"Regional School District 10","Asian","*","*","*","*","*","*","*"
"Regional School District 10","White",167,160,95.8,"*","*","*","*"
"Regional School District 11","White",38,27,71.1,"*","*","*","*"
"Regional School District 12","Black","*","*","*","*","*","*","*"
"Regional School District 12","Hispanic","*","*","*","*","*","*","*"
"Regional School District 12","Asian","*","*","*","*","*","*","*"
"Regional School District 12","Indian or Alaska Native","*","*","*","*","*","*","*"
"Regional School District 12","White",89,76,85.4,"*","*",11,12.4
"Regional School District 13","Black","*","*","*","*","*","*","*"
"Regional School District 13","Hispanic","*","*","*","*","*","*","*"
"Regional School District 13","Asian","*","*","*","*","*","*","*"
"Regional School District 13","Indian or Alaska Native","*","*","*","*","*","*","*"
"Regional School District 13","White",135,125,92.6,"*","*",6,4.4
"Regional School District 14","Black","*","*","*","*","*","*","*"
"Regional School District 14","Hispanic","*","*","*","*","*","*","*"
"Regional School District 14","Asian","*","*","*","*","*","*","*"
"Regional School District 14","White",211,202,95.7,8,3.8,"*","*"
"Regional School District 15","Black","*","*","*","*","*","*","*"
"Regional School District 15","Hispanic",9,7,77.8,"*","*","*","*"
"Regional School District 15","Asian","*","*","*","*","*","*","*"
"Regional School District 15","Indian or Alaska Native","*","*","*","*","*","*","*"
"Regional School District 15","White",370,340,91.9,14,3.8,15,4.1
"Regional School District 16","Black",8,7,87.5,"*","*","*","*"
"Regional School District 16","Hispanic","*","*","*","*","*","*","*"
"Regional School District 16","Asian","*","*","*","*","*","*","*"
"Regional School District 16","White",179,159,88.8,9,5.0,11,6.1
"Regional School District 17","Black","*","*","*","*","*","*","*"
"Regional School District 17","Hispanic","*","*","*","*","*","*","*"
"Regional School District 17","Asian","*","*","*","*","*","*","*"
"Regional School District 17","Indian or Alaska Native","*","*","*","*","*","*","*"
"Regional School District 17","White",176,163,92.6,"*","*",11,6.3
"Regional School District 18","Black","*","*","*","*","*","*","*"
"Regional School District 18","Hispanic","*","*","*","*","*","*","*"
"Regional School District 18","Asian","*","*","*","*","*","*","*"
"Regional School District 18","White",127,123,96.9,"*","*","*","*"
"Regional School District 19","Black",10,6,60.0,"*","*","*","*"
"Regional School District 19","Hispanic",10,6,60.0,"*","*","*","*"
"Regional School District 19","Asian",12,10,83.3,"*","*","*","*"
"Regional School District 19","White",252,213,84.5,20,7.9,19,7.5
"Ridgefield School District","Black",8,7,87.5,"*","*","*","*"
"Ridgefield School District","Hispanic",16,14,87.5,"*","*","*","*"
"Ridgefield School District","Asian",11,11,100.0,"*","*","*","*"
"Ridgefield School District","White",399,385,96.5,9,2.3,"*","*"
"Rocky Hill School District","Black",7,"*","*","*","*","*","*"
"Rocky Hill School District","Hispanic",8,"*","*","*","*","*","*"
"Rocky Hill School District","Asian",8,8,100.0,"*","*","*","*"
"Rocky Hill School District","White",154,143,92.9,"*","*",9,5.8
"Seymour School District","Black","*","*","*","*","*","*","*"
"Seymour School District","Hispanic",14,10,71.4,"*","*","*","*"
"Seymour School District","Asian",9,9,100.0,"*","*","*","*"
"Seymour School District","Indian or Alaska Native","*","*","*","*","*","*","*"
"Seymour School District","White",157,133,84.7,8,5.1,16,10.2
"Shelton School District","Black","*","*","*","*","*","*","*"
"Shelton School District","Hispanic",35,25,71.4,"*","*",7,20.0
"Shelton School District","Asian",18,18,100.0,"*","*","*","*"
"Shelton School District","Indian or Alaska Native","*","*","*","*","*","*","*"
"Shelton School District","White",329,292,88.8,20,6.1,17,5.2
"Simsbury School District","Black",17,15,88.2,"*","*","*","*"
"Simsbury School District","Hispanic",12,10,83.3,"*","*","*","*"
"Simsbury School District","Asian",15,15,100.0,"*","*","*","*"
"Simsbury School District","White",314,300,95.5,8,2.5,6,1.9
"Somers School District","Black","*","*","*","*","*","*","*"
"Somers School District","Hispanic","*","*","*","*","*","*","*"
"Somers School District","Asian","*","*","*","*","*","*","*"
"Somers School District","White",139,132,95.0,"*","*","*","*"
"South Windsor School District","Black",21,19,90.5,"*","*","*","*"
"South Windsor School District","Hispanic",25,17,68.0,"*","*",6,24.0
"South Windsor School District","Asian",30,27,90.0,"*","*","*","*"
"South Windsor School District","White",349,323,92.6,11,3.2,15,4.3
"Southington School District","Black","*","*","*","*","*","*","*"
"Southington School District","Hispanic",19,16,84.2,"*","*","*","*"
"Southington School District","Asian",17,16,94.1,"*","*","*","*"
"Southington School District","Indian or Alaska Native","*","*","*","*","*","*","*"
"Southington School District","White",495,450,90.9,31,6.3,14,2.8
"Stafford School District","Black","*","*","*","*","*","*","*"
"Stafford School District","Hispanic","*","*","*","*","*","*","*"
"Stafford School District","Asian",6,"*","*","*","*","*","*"
"Stafford School District","White",122,94,77.0,15,12.3,13,10.7
"Stamford Academy District","Black",37,13,35.1,17,45.9,7,18.9
"Stamford Academy District","Hispanic",13,"*","*","*","*","*","*"
"Stamford Academy District","Asian","*","*","*","*","*","*","*"
"Stamford Academy District","White","*","*","*","*","*","*","*"
"Stamford School District","Black",296,240,81.1,33,11.1,23,7.8
"Stamford School District","Hispanic",320,252,78.8,31,9.7,37,11.6
"Stamford School District","Asian","*","*","*","*","*","*","*"
"Stamford School District","Indian or Alaska Native","*","*","*","*","*","*","*"
"Stamford School District","White",507,461,90.9,26,5.1,20,3.9
"Stonington School District","Black","*","*","*","*","*","*","*"
"Stonington School District","Hispanic",6,"*","*","*","*","*","*"
"Stonington School District","Asian","*","*","*","*","*","*","*"
"Stonington School District","Indian or Alaska Native","*","*","*","*","*","*","*"
"Stonington School District","White",195,184,94.4,6,3.1,"*","*"
"Stratford School District","Black",146,124,84.9,10,6.8,12,8.2
"Stratford School District","Hispanic",113,96,85.0,6,5.3,11,9.7
"Stratford School District","Asian","*","*","*","*","*","*","*"
"Stratford School District","Indian or Alaska Native","*","*","*","*","*","*","*"
"Stratford School District","White",307,277,90.2,10,3.3,20,6.5
"Suffield School District","Black","*","*","*","*","*","*","*"
"Suffield School District","Hispanic","*","*","*","*","*","*","*"
"Suffield School District","Asian","*","*","*","*","*","*","*"
"Suffield School District","White",205,194,94.6,9,4.4,"*","*"
"The Bridge Academy District","Black",18,16,88.9,"*","*","*","*"
"The Bridge Academy District","Hispanic","*","*","*","*","*","*","*"
"The Bridge Academy District","Indian or Alaska Native","*","*","*","*","*","*","*"
"The Gilbert School District","Black","*","*","*","*","*","*","*"
"The Gilbert School District","Hispanic","*","*","*","*","*","*","*"
"The Gilbert School District","Asian","*","*","*","*","*","*","*"
"The Gilbert School District","White",68,52,76.5,8,11.8,8,11.8
"Thomaston School District","Hispanic","*","*","*","*","*","*","*"
"Thomaston School District","Indian or Alaska Native","*","*","*","*","*","*","*"
"Thomaston School District","White",100,92,92.0,"*","*",6,6.0
"Thompson School District","Hispanic","*","*","*","*","*","*","*"
"Thompson School District","White","*","*","*","*","*","*","*"
"Tolland School District","Black","*","*","*","*","*","*","*"
"Tolland School District","Hispanic","*","*","*","*","*","*","*"
"Tolland School District","Asian","*","*","*","*","*","*","*"
"Tolland School District","White",217,200,92.2,16,7.4,"*","*"
"Torrington School District","Black",17,14,82.4,"*","*","*","*"
"Torrington School District","Hispanic",35,21,60.0,"*","*",12,34.3
"Torrington School District","Asian","*","*","*","*","*","*","*"
"Torrington School District","Indian or Alaska Native","*","*","*","*","*","*","*"
"Torrington School District","White",223,177,79.4,17,7.6,29,13.0
"Trumbull School District","Black",32,32,100.0,"*","*","*","*"
"Trumbull School District","Hispanic",29,28,96.6,"*","*","*","*"
"Trumbull School District","Asian",25,24,96.0,"*","*","*","*"
"Trumbull School District","White",417,408,97.8,6,1.4,"*","*"
"Unified School District #1","Black",277,"*","*",104,37.5,165,59.6
"Unified School District #1","Hispanic",168,"*","*",43,25.6,121,72.0
"Unified School District #1","Asian","*","*","*","*","*","*","*"
"Unified School District #1","White","*","*","*","*","*","*","*"
"Unified School District #2","Black",21,8,38.1,8,38.1,"*","*"
"Unified School District #2","Hispanic",13,"*","*","*","*","*","*"
"Unified School District #2","Asian","*","*","*","*","*","*","*"
"Unified School District #2","Indian or Alaska Native","*","*","*","*","*","*","*"
"Unified School District #2","White",14,"*","*",8,57.1,"*","*"
"Vernon School District","Black",33,25,75.8,"*","*","*","*"
"Vernon School District","Hispanic",21,16,76.2,"*","*","*","*"
"Vernon School District","Asian","*","*","*","*","*","*","*"
"Vernon School District","Indian or Alaska Native","*","*","*","*","*","*","*"
"Vernon School District","White",218,181,83.0,11,5.0,26,11.9
"Wallingford School District","Black",12,9,75.0,"*","*","*","*"
"Wallingford School District","Hispanic",51,38,74.5,"*","*",11,21.6
"Wallingford School District","Asian",19,17,89.5,"*","*","*","*"
"Wallingford School District","White",479,424,88.5,24,5.0,31,6.5
"Waterbury School District","Black",366,258,70.5,23,6.3,85,23.2
"Waterbury School District","Hispanic",526,288,54.8,27,5.1,211,40.1
"Waterbury School District","Asian",24,"*","*","*","*","*","*"
"Waterbury School District","Indian or Alaska Native",8,"*","*","*","*","*","*"
"Waterbury School District","White",385,290,75.3,12,3.1,83,21.6
"Waterford School District","Black","*","*","*","*","*","*","*"
"Waterford School District","Hispanic",20,15,75.0,"*","*","*","*"
"Waterford School District","Asian",15,15,100.0,"*","*","*","*"
"Waterford School District","Indian or Alaska Native","*","*","*","*","*","*","*"
"Waterford School District","White",222,204,91.9,"*","*",13,5.9
"Watertown School District","Black","*","*","*","*","*","*","*"
"Watertown School District","Hispanic",6,"*","*","*","*","*","*"
"Watertown School District","Asian","*","*","*","*","*","*","*"
"Watertown School District","Indian or Alaska Native","*","*","*","*","*","*","*"
"Watertown School District","White",232,205,88.4,15,6.5,12,5.2
"West Hartford School District","Black",93,73,78.5,7,7.5,13,14.0
"West Hartford School District","Hispanic",120,93,77.5,12,10.0,15,12.5
"West Hartford School District","Asian","*","*","*","*","*","*","*"
"West Hartford School District","Indian or Alaska Native","*","*","*","*","*","*","*"
"West Hartford School District","White",552,525,95.1,17,3.1,10,1.8
"West Haven School District","Black",113,73,64.6,6,5.3,34,30.1
"West Haven School District","Hispanic",98,56,57.1,7,7.1,35,35.7
"West Haven School District","Asian","*","*","*","*","*","*","*"
"West Haven School District","Indian or Alaska Native","*","*","*","*","*","*","*"
"West Haven School District","White",231,167,72.3,19,8.2,45,19.5
"Westbrook School District","Hispanic","*","*","*","*","*","*","*"
"Westbrook School District","Asian","*","*","*","*","*","*","*"
"Westbrook School District","White",72,68,94.4,"*","*","*","*"
"Weston School District","Black","*","*","*","*","*","*","*"
"Weston School District","Hispanic","*","*","*","*","*","*","*"
"Weston School District","Asian",10,10,100.0,"*","*","*","*"
"Weston School District","Indian or Alaska Native","*","*","*","*","*","*","*"
"Weston School District","White",177,175,98.9,"*","*","*","*"
"Westport School District","Black","*","*","*","*","*","*","*"
"Westport School District","Hispanic","*","*","*","*","*","*","*"
"Westport School District","Asian",18,18,100.0,"*","*","*","*"
"Westport School District","White",443,429,96.8,9,2.0,"*","*"
"Wethersfield School District","Black",16,16,100.0,"*","*","*","*"
"Wethersfield School District","Hispanic",39,28,71.8,"*","*",6,15.4
"Wethersfield School District","Asian","*","*","*","*","*","*","*"
"Wethersfield School District","Indian or Alaska Native","*","*","*","*","*","*","*"
"Wethersfield School District","White",237,221,93.2,7,3.0,9,3.8
"Wilton School District","Black","*","*","*","*","*","*","*"
"Wilton School District","Hispanic","*","*","*","*","*","*","*"
"Wilton School District","Asian",12,12,100.0,"*","*","*","*"
"Wilton School District","White",290,283,97.6,6,2.1,"*","*"
"Windham School District","Black",20,15,75.0,"*","*","*","*"
"Windham School District","Hispanic",138,63,45.7,36,26.1,39,28.3
"Windham School District","Asian","*","*","*","*","*","*","*"
"Windham School District","Indian or Alaska Native","*","*","*","*","*","*","*"
"Windham School District","White",105,81,77.1,6,5.7,18,17.1
"Windsor Locks School District","Black",18,13,72.2,"*","*","*","*"
"Windsor Locks School District","Hispanic","*","*","*","*","*","*","*"
"Windsor Locks School District","Asian","*","*","*","*","*","*","*"
"Windsor Locks School District","White",103,88,85.4,10,9.7,"*","*"
"Windsor School District","Black",188,150,79.8,20,10.6,18,9.6
"Windsor School District","Hispanic",40,30,75.0,"*","*",7,17.5
"Windsor School District","Asian","*","*","*","*","*","*","*"
"Windsor School District","Indian or Alaska Native","*","*","*","*","*","*","*"
"Windsor School District","White",110,100,90.9,"*","*",6,5.5
"Wolcott School District","Black","*","*","*","*","*","*","*"
"Wolcott School District","Hispanic",6,6,100.0,"*","*","*","*"
"Wolcott School District","Asian","*","*","*","*","*","*","*"
"Wolcott School District","White",213,196,92.0,8,3.8,9,4.2
"Woodstock Academy District","Black","*","*","*","*","*","*","*"
"Woodstock Academy District","Hispanic",7,7,100.0,"*","*","*","*"
"Woodstock Academy District","Asian","*","*","*","*","*","*","*"
"Woodstock Academy District","White",285,269,94.4,"*","*",12,4.2

